Test on AIBL dataset,,,
img_path,"prediction(True for truth, False for error)",IQR,rank
/data/datasets/AIBL/AIBL_pre/1611/mri/mwp1bl.nii,FALSE,84.52%,B
/data/datasets/AIBL/AIBL_pre/1340/mri/mwp1bl.nii,TRUE,84.43%,B
/data/datasets/AIBL/AIBL_pre/331/mri/mwp1bl.nii,TRUE,84.25%,B
/data/datasets/AIBL/AIBL_pre/804/mri/mwp1bl.nii,TRUE,83.33%,B-
/data/datasets/AIBL/AIBL_pre/1439/mri/mwp1bl.nii,TRUE,84.00%,B
/data/datasets/AIBL/AIBL_pre/501/mri/mwp1bl.nii,TRUE,80.80%,B-
/data/datasets/AIBL/AIBL_pre/1477/mri/mwp1bl.nii,FALSE,76.60%,C
/data/datasets/AIBL/AIBL_pre/21/mri/mwp1bl.nii,TRUE,84.01%,B
/data/datasets/AIBL/AIBL_pre/39/mri/mwp1bl.nii,TRUE,84.15%,B
/data/datasets/AIBL/AIBL_pre/875/mri/mwp1bl.nii,TRUE,84.67%,B
/data/datasets/AIBL/AIBL_pre/493/mri/mwp1bl.nii,TRUE,83.25%,B-
/data/datasets/AIBL/AIBL_pre/1265/mri/mwp1bl.nii,TRUE,84.88%,B
/data/datasets/AIBL/AIBL_pre/1627/mri/mwp1bl.nii,TRUE,81.91%,B-
/data/datasets/AIBL/AIBL_pre/46/mri/mwp1bl.nii,TRUE,84.81%,B
/data/datasets/AIBL/AIBL_pre/36/mri/mwp1bl.nii,TRUE,83.84%,B
/data/datasets/AIBL/AIBL_pre/104/mri/mwp1m18.nii,FALSE,83.51%,B
/data/datasets/AIBL/AIBL_pre/167/mri/mwp1bl.nii,TRUE,84.03%,B
/data/datasets/AIBL/AIBL_pre/1552/mri/mwp1bl.nii,FALSE,84.08%,B
/data/datasets/AIBL/AIBL_pre/134/mri/mwp1bl.nii,TRUE,84.86%,B
/data/datasets/AIBL/AIBL_pre/181/mri/mwp1m36.nii,TRUE,84.76%,B
/data/datasets/AIBL/AIBL_pre/543/mri/mwp1bl.nii,TRUE,84.83%,B
/data/datasets/AIBL/AIBL_pre/118/mri/mwp1bl.nii,TRUE,85.11%,B
/data/datasets/AIBL/AIBL_pre/1373/mri/mwp1bl.nii,TRUE,84.91%,B
/data/datasets/AIBL/AIBL_pre/443/mri/mwp1bl.nii,TRUE,84.01%,B
/data/datasets/AIBL/AIBL_pre/1187/mri/mwp1bl.nii,TRUE,84.94%,B
/data/datasets/AIBL/AIBL_pre/326/mri/mwp1bl.nii,TRUE,84.19%,B
/data/datasets/AIBL/AIBL_pre/434/mri/mwp1bl.nii,TRUE,83.39%,B
/data/datasets/AIBL/AIBL_pre/61/mri/mwp1bl.nii,TRUE,84.69%,B
/data/datasets/AIBL/AIBL_pre/1587/mri/mwp1bl.nii,TRUE,85.01%,B
/data/datasets/AIBL/AIBL_pre/1441/mri/mwp1bl.nii,TRUE,82.35%,B-
/data/datasets/AIBL/AIBL_pre/85/mri/mwp1bl.nii,TRUE,83.05%,B-
/data/datasets/AIBL/AIBL_pre/1424/mri/mwp1bl.nii,TRUE,84.59%,B
/data/datasets/AIBL/AIBL_pre/113/mri/mwp1m18.nii,TRUE,84.58%,B
/data/datasets/AIBL/AIBL_pre/1328/mri/mwp1bl.nii,TRUE,82.59%,B-
/data/datasets/AIBL/AIBL_pre/318/mri/mwp1bl.nii,TRUE,84.64%,B
/data/datasets/AIBL/AIBL_pre/573/mri/mwp1bl.nii,TRUE,84.28%,B
/data/datasets/AIBL/AIBL_pre/893/mri/mwp1bl.nii,FALSE,82.71%,B-
/data/datasets/AIBL/AIBL_pre/727/mri/mwp1bl.nii,TRUE,81.22%,B-
/data/datasets/AIBL/AIBL_pre/1540/mri/mwp1bl.nii,TRUE,84.61%,B
/data/datasets/AIBL/AIBL_pre/1372/mri/mwp1bl.nii,TRUE,84.96%,B
/data/datasets/AIBL/AIBL_pre/1234/mri/mwp1bl.nii,TRUE,84.76%,B
/data/datasets/AIBL/AIBL_pre/44/mri/mwp1bl.nii,TRUE,84.93%,B
/data/datasets/AIBL/AIBL_pre/1025/mri/mwp1bl.nii,TRUE,83.25%,B-
/data/datasets/AIBL/AIBL_pre/642/mri/mwp1bl.nii,TRUE,79.70%,C+
/data/datasets/AIBL/AIBL_pre/560/mri/mwp1bl.nii,TRUE,84.74%,B
/data/datasets/AIBL/AIBL_pre/1423/mri/mwp1bl.nii,TRUE,84.96%,B
/data/datasets/AIBL/AIBL_pre/52/mri/mwp1bl.nii,TRUE,84.71%,B
/data/datasets/AIBL/AIBL_pre/1056/mri/mwp1bl.nii,FALSE,83.45%,B
/data/datasets/AIBL/AIBL_pre/149/mri/mwp1bl.nii,TRUE,84.68%,B
/data/datasets/AIBL/AIBL_pre/644/mri/mwp1bl.nii,TRUE,84.44%,B
/data/datasets/AIBL/AIBL_pre/1356/mri/mwp1bl.nii,TRUE,84.91%,B
/data/datasets/AIBL/AIBL_pre/1461/mri/mwp1bl.nii,TRUE,84.60%,B
/data/datasets/AIBL/AIBL_pre/1304/mri/mwp1bl.nii,TRUE,81.17%,B-
/data/datasets/AIBL/AIBL_pre/817/mri/mwp1bl.nii,TRUE,83.98%,B
/data/datasets/AIBL/AIBL_pre/488/mri/mwp1bl.nii,FALSE,84.30%,B
/data/datasets/AIBL/AIBL_pre/1375/mri/mwp1bl.nii,TRUE,84.69%,B
/data/datasets/AIBL/AIBL_pre/1575/mri/mwp1bl.nii,FALSE,85.00%,B
/data/datasets/AIBL/AIBL_pre/627/mri/mwp1bl.nii,TRUE,84.16%,B
/data/datasets/AIBL/AIBL_pre/1147/mri/mwp1bl.nii,TRUE,82.19%,B-
/data/datasets/AIBL/AIBL_pre/1494/mri/mwp1bl.nii,TRUE,84.44%,B
/data/datasets/AIBL/AIBL_pre/818/mri/mwp1bl.nii,TRUE,83.59%,B
/data/datasets/AIBL/AIBL_pre/454/mri/mwp1bl.nii,TRUE,79.06%,C+
/data/datasets/AIBL/AIBL_pre/99/mri/mwp1m18.nii,TRUE,84.40%,B
/data/datasets/AIBL/AIBL_pre/1013/mri/mwp1m18.nii,FALSE,84.82%,B
/data/datasets/AIBL/AIBL_pre/1230/mri/mwp1bl.nii,TRUE,84.07%,B
/data/datasets/AIBL/AIBL_pre/1563/mri/mwp1bl.nii,TRUE,83.52%,B
/data/datasets/AIBL/AIBL_pre/194/mri/mwp1m54.nii,TRUE,82.37%,B-
/data/datasets/AIBL/AIBL_pre/249/mri/mwp1bl.nii,TRUE,83.53%,B
/data/datasets/AIBL/AIBL_pre/873/mri/mwp1bl.nii,TRUE,82.73%,B-
/data/datasets/AIBL/AIBL_pre/378/mri/mwp1m18.nii,FALSE,84.84%,B
/data/datasets/AIBL/AIBL_pre/1174/mri/mwp1bl.nii,TRUE,83.50%,B
/data/datasets/AIBL/AIBL_pre/858/mri/mwp1bl.nii,TRUE,84.64%,B
/data/datasets/AIBL/AIBL_pre/1214/mri/mwp1bl.nii,TRUE,85.01%,B
/data/datasets/AIBL/AIBL_pre/47/mri/mwp1bl.nii,TRUE,82.25%,B-
/data/datasets/AIBL/AIBL_pre/760/mri/mwp1bl.nii,TRUE,84.36%,B
/data/datasets/AIBL/AIBL_pre/374/mri/mwp1m18.nii,FALSE,84.63%,B
/data/datasets/AIBL/AIBL_pre/1291/mri/mwp1bl.nii,TRUE,84.90%,B
/data/datasets/AIBL/AIBL_pre/711/mri/mwp1bl.nii,TRUE,82.73%,B-
/data/datasets/AIBL/AIBL_pre/362/mri/mwp1m54.nii,TRUE,85.07%,B
/data/datasets/AIBL/AIBL_pre/1574/mri/mwp1bl.nii,TRUE,84.68%,B
/data/datasets/AIBL/AIBL_pre/721/mri/mwp1m54.nii,FALSE,84.75%,B
/data/datasets/AIBL/AIBL_pre/1224/mri/mwp1bl.nii,TRUE,84.56%,B
/data/datasets/AIBL/AIBL_pre/101/mri/mwp1m18.nii,TRUE,84.04%,B
/data/datasets/AIBL/AIBL_pre/770/mri/mwp1bl.nii,TRUE,79.50%,C+
/data/datasets/AIBL/AIBL_pre/329/mri/mwp1bl.nii,TRUE,83.29%,B-
/data/datasets/AIBL/AIBL_pre/444/mri/mwp1m18.nii,TRUE,84.14%,B
/data/datasets/AIBL/AIBL_pre/244/mri/mwp1m54.nii,TRUE,84.18%,B
/data/datasets/AIBL/AIBL_pre/1412/mri/mwp1bl.nii,TRUE,85.83%,B
/data/datasets/AIBL/AIBL_pre/1415/mri/mwp1bl.nii,TRUE,81.76%,B-
/data/datasets/AIBL/AIBL_pre/1442/mri/mwp1bl.nii,FALSE,84.79%,B
/data/datasets/AIBL/AIBL_pre/1437/mri/mwp1bl.nii,FALSE,85.13%,B
/data/datasets/AIBL/AIBL_pre/1001/mri/mwp1bl.nii,TRUE,82.69%,B-
/data/datasets/AIBL/AIBL_pre/464/mri/mwp1bl.nii,TRUE,85.61%,B
/data/datasets/AIBL/AIBL_pre/1566/mri/mwp1bl.nii,TRUE,84.90%,B
/data/datasets/AIBL/AIBL_pre/484/mri/mwp1bl.nii,TRUE,85.03%,B
/data/datasets/AIBL/AIBL_pre/498/mri/mwp1bl.nii,TRUE,85.23%,B
/data/datasets/AIBL/AIBL_pre/1431/mri/mwp1bl.nii,TRUE,84.84%,B
/data/datasets/AIBL/AIBL_pre/16/mri/mwp1bl.nii,TRUE,83.56%,B
/data/datasets/AIBL/AIBL_pre/316/mri/mwp1bl.nii,TRUE,82.49%,B-
/data/datasets/AIBL/AIBL_pre/988/mri/mwp1bl.nii,TRUE,85.30%,B
/data/datasets/AIBL/AIBL_pre/363/mri/mwp1bl.nii,TRUE,82.95%,B-
/data/datasets/AIBL/AIBL_pre/674/mri/mwp1bl.nii,TRUE,83.63%,B
/data/datasets/AIBL/AIBL_pre/1122/mri/mwp1bl.nii,FALSE,84.76%,B
/data/datasets/AIBL/AIBL_pre/835/mri/mwp1bl.nii,TRUE,85.36%,B
Test on ATLAS_2 dataset,,,
img_path,"prediction(True for truth, False for error)",IQR,rank
/data/datasets/Preprocessing/ATLAS_2/ATLAS_2_pred/Training/sub-r048s018/ses-1/mri/mwp1T1w.nii,TRUE,86.64%,B
/data/datasets/Preprocessing/ATLAS_2/ATLAS_2_pred/Training/sub-r028s020/ses-1/mri/mwp1T1w.nii,TRUE,86.55%,B
/data/datasets/Preprocessing/ABIDE_T1/ABIDE_T1_pred/50782/mri/mwp1T1W.nii,FALSE,86.59%,B
/data/datasets/Preprocessing/ABIDE_T1/ABIDE_T1_pred/50440/mri/mwp1T1W.nii,FALSE,89.93%,B+
/data/datasets/Preprocessing/ATLAS_2/ATLAS_2_pred/Training/sub-r004s005/ses-1/mri/mwp1T1w.nii,TRUE,85.71%,B
/data/datasets/Preprocessing/ATLAS_2/ATLAS_2_pred/Training/sub-r040s043/ses-1/mri/mwp1T1w.nii,TRUE,81.57%,B-
/data/datasets/Preprocessing/ATLAS_2/ATLAS_2_pred/Training/sub-r009s105/ses-1/mri/mwp1T1w.nii,TRUE,84.20%,B
/data/datasets/Preprocessing/ABIDE_T1/ABIDE_T1_pred/50808/mri/mwp1T1W.nii,FALSE,83.74%,B
/data/datasets/Preprocessing/ATLAS_2/ATLAS_2_pred/Training/sub-r009s107/ses-1/mri/mwp1T1w.nii,TRUE,81.91%,B-
/data/datasets/Preprocessing/ATLAS_2/ATLAS_2_pred/Training/sub-r009s056/ses-1/mri/mwp1T1w.nii,TRUE,83.96%,B
/data/datasets/Preprocessing/ATLAS_2/ATLAS_2_pred/Training/sub-r009s030/ses-1/mri/mwp1T1w.nii,TRUE,80.27%,B-
/data/datasets/Preprocessing/ABIDE_T1/ABIDE_T1_pred/51138/mri/mwp1T1W.nii,FALSE,85.87%,B
/data/datasets/Preprocessing/ABIDE_T1/ABIDE_T1_pred/51335/mri/mwp1T1W.nii,FALSE,77.82%,C+
/data/datasets/Preprocessing/ATLAS_2/ATLAS_2_pred/Training/sub-r004s011/ses-1/mri/mwp1T1w.nii,TRUE,85.84%,B
/data/datasets/Preprocessing/ATLAS_2/ATLAS_2_pred/Training/sub-r009s028/ses-1/mri/mwp1T1w.nii,TRUE,78.60%,C+
/data/datasets/Preprocessing/ATLAS_2/ATLAS_2_pred/Training/sub-r017s119/ses-1/mri/mwp1T1w.nii,TRUE,84.23%,B
/data/datasets/Preprocessing/ABIDE_T1/ABIDE_T1_pred/50049/mri/mwp1T1W.nii,FALSE,84.08%,B
/data/datasets/Preprocessing/ABIDE_T1/ABIDE_T1_pred/51040/mri/mwp1T1W.nii,FALSE,76.34%,C
/data/datasets/Preprocessing/ATLAS_2/ATLAS_2_pred/Training/sub-r009s060/ses-1/mri/mwp1T1w.nii,TRUE,80.69%,B-
/data/datasets/Preprocessing/ATLAS_2/ATLAS_2_pred/Training/sub-r015s026/ses-1/mri/mwp1T1w.nii,TRUE,84.20%,B
/data/datasets/Preprocessing/ATLAS_2/ATLAS_2_pred/Training/sub-r011s029/ses-1/mri/mwp1T1w.nii,TRUE,83.64%,B
/data/datasets/Preprocessing/ABIDE_T1/ABIDE_T1_pred/51077/mri/mwp1T1W.nii,FALSE,78.54%,C+
/data/datasets/Preprocessing/ATLAS_2/ATLAS_2_pred/Training/sub-r010s024/ses-1/mri/mwp1T1w.nii,TRUE,85.11%,B
/data/datasets/Preprocessing/ATLAS_2/ATLAS_2_pred/Training/sub-r045s002/ses-1/mri/mwp1T1w.nii,TRUE,75.05%,C
/data/datasets/Preprocessing/ATLAS_2/ATLAS_2_pred/Training/sub-r009s079/ses-1/mri/mwp1T1w.nii,TRUE,86.02%,B
/data/datasets/Preprocessing/ATLAS_2/ATLAS_2_pred/Training/sub-r009s049/ses-1/mri/mwp1T1w.nii,TRUE,83.76%,B
/data/datasets/Preprocessing/ATLAS_2/ATLAS_2_pred/Training/sub-r009s075/ses-1/mri/mwp1T1w.nii,TRUE,85.11%,B
/data/datasets/Preprocessing/ATLAS_2/ATLAS_2_pred/Training/sub-r010s018/ses-1/mri/mwp1T1w.nii,TRUE,84.66%,B
/data/datasets/Preprocessing/ABIDE_T1/ABIDE_T1_pred/50789/mri/mwp1T1W.nii,FALSE,79.77%,C+
/data/datasets/Preprocessing/ABIDE_T1/ABIDE_T1_pred/51146/mri/mwp1T1W.nii,FALSE,80.37%,B-
/data/datasets/Preprocessing/ATLAS_2/ATLAS_2_pred/Training/sub-r044s002/ses-1/mri/mwp1T1w.nii,TRUE,80.90%,B-
/data/datasets/Preprocessing/ATLAS_2/ATLAS_2_pred/Training/sub-r009s020/ses-1/mri/mwp1T1w.nii,TRUE,84.32%,B
/data/datasets/Preprocessing/ATLAS_2/ATLAS_2_pred/Training/sub-r009s115/ses-1/mri/mwp1T1w.nii,TRUE,83.87%,B
/data/datasets/Preprocessing/ATLAS_2/ATLAS_2_pred/Training/sub-r001s001/ses-1/mri/mwp1T1w.nii,TRUE,78.04%,C+
/data/datasets/Preprocessing/ATLAS_2/ATLAS_2_pred/Training/sub-r052s001/ses-1/mri/mwp1T1w.nii,TRUE,86.59%,B
/data/datasets/Preprocessing/ATLAS_2/ATLAS_2_pred/Training/sub-r038s028/ses-1/mri/mwp1T1w.nii,TRUE,86.19%,B
/data/datasets/Preprocessing/ABIDE_T1/ABIDE_T1_pred/50162/mri/mwp1T1W.nii,FALSE,85.22%,B
/data/datasets/Preprocessing/ABIDE_T1/ABIDE_T1_pred/51493/mri/mwp1T1W.nii,FALSE,81.23%,B-
/data/datasets/Preprocessing/ABIDE_T1/ABIDE_T1_pred/51084/mri/mwp1T1W.nii,FALSE,76.91%,C+
/data/datasets/Preprocessing/ATLAS_2/ATLAS_2_pred/Training/sub-r047s048/ses-1/mri/mwp1T1w.nii,TRUE,86.29%,B
/data/datasets/Preprocessing/ABIDE_T1/ABIDE_T1_pred/50436/mri/mwp1T1W.nii,FALSE,87.57%,B+
/data/datasets/Preprocessing/ATLAS_2/ATLAS_2_pred/Training/sub-r003s010/ses-1/mri/mwp1T1w.nii,TRUE,82.03%,B-
/data/datasets/Preprocessing/ABIDE_T1/ABIDE_T1_pred/51041/mri/mwp1T1W.nii,FALSE,72.92%,C-
/data/datasets/Preprocessing/ATLAS_2/ATLAS_2_pred/Training/sub-r019s010/ses-1/mri/mwp1T1w.nii,TRUE,65.63%,D
/data/datasets/Preprocessing/ATLAS_2/ATLAS_2_pred/Training/sub-r019s012/ses-1/mri/mwp1T1w.nii,TRUE,85.70%,B
/data/datasets/Preprocessing/ATLAS_2/ATLAS_2_pred/Training/sub-r010s001/ses-1/mri/mwp1T1w.nii,TRUE,86.24%,B
/data/datasets/Preprocessing/ABIDE_T1/ABIDE_T1_pred/51181/mri/mwp1T1W.nii,FALSE,75.72%,C
/data/datasets/Preprocessing/ATLAS_2/ATLAS_2_pred/Training/sub-r049s011/ses-1/mri/mwp1T1w.nii,TRUE,85.18%,B
/data/datasets/Preprocessing/ATLAS_2/ATLAS_2_pred/Training/sub-r009s092/ses-1/mri/mwp1T1w.nii,TRUE,84.41%,B
/data/datasets/Preprocessing/ATLAS_2/ATLAS_2_pred/Training/sub-r052s029/ses-1/mri/mwp1T1w.nii,TRUE,85.72%,B
/data/datasets/Preprocessing/ATLAS_2/ATLAS_2_pred/Training/sub-r002s007/ses-1/mri/mwp1T1w.nii,TRUE,83.71%,B
/data/datasets/Preprocessing/ABIDE_T1/ABIDE_T1_pred/50459/mri/mwp1T1W.nii,FALSE,89.88%,B+
/data/datasets/Preprocessing/ATLAS_2/ATLAS_2_pred/Training/sub-r038s025/ses-1/mri/mwp1T1w.nii,TRUE,85.39%,B
/data/datasets/Preprocessing/ABIDE_T1/ABIDE_T1_pred/51108/mri/mwp1T1W.nii,FALSE,79.90%,C+
/data/datasets/Preprocessing/ABIDE_T1/ABIDE_T1_pred/50424/mri/mwp1T1W.nii,FALSE,72.65%,C-
/data/datasets/Preprocessing/ABIDE_T1/ABIDE_T1_pred/50342/mri/mwp1T1W.nii,FALSE,39.79%,F
/data/datasets/Preprocessing/ABIDE_T1/ABIDE_T1_pred/50557/mri/mwp1T1W.nii,FALSE,84.94%,B
/data/datasets/Preprocessing/ATLAS_2/ATLAS_2_pred/Training/sub-r047s016/ses-1/mri/mwp1T1w.nii,TRUE,86.49%,B
/data/datasets/Preprocessing/ABIDE_T1/ABIDE_T1_pred/50437/mri/mwp1T1W.nii,FALSE,89.39%,B+
/data/datasets/Preprocessing/ATLAS_2/ATLAS_2_pred/Training/sub-r001s027/ses-1/mri/mwp1T1w.nii,TRUE,78.43%,C+
/data/datasets/Preprocessing/ABIDE_T1/ABIDE_T1_pred/51047/mri/mwp1T1W.nii,FALSE,76.78%,C+
/data/datasets/Preprocessing/ABIDE_T1/ABIDE_T1_pred/50566/mri/mwp1T1W.nii,FALSE,83.28%,B-
/data/datasets/Preprocessing/ATLAS_2/ATLAS_2_pred/Training/sub-r003s001/ses-1/mri/mwp1T1w.nii,TRUE,85.27%,B
/data/datasets/Preprocessing/ABIDE_T1/ABIDE_T1_pred/50734/mri/mwp1T1W.nii,FALSE,84.93%,B
/data/datasets/Preprocessing/ABIDE_T1/ABIDE_T1_pred/50811/mri/mwp1T1W.nii,FALSE,86.15%,B
/data/datasets/Preprocessing/ATLAS_2/ATLAS_2_pred/Training/sub-r031s013/ses-1/mri/mwp1T1w.nii,TRUE,86.47%,B
/data/datasets/Preprocessing/ABIDE_T1/ABIDE_T1_pred/51314/mri/mwp1T1W.nii,FALSE,74.12%,C
/data/datasets/Preprocessing/ATLAS_2/ATLAS_2_pred/Training/sub-r011s018/ses-1/mri/mwp1T1w.nii,TRUE,82.63%,B-
/data/datasets/Preprocessing/ATLAS_2/ATLAS_2_pred/Training/sub-r024s021/ses-1/mri/mwp1T1w.nii,TRUE,86.52%,B
/data/datasets/Preprocessing/ATLAS_2/ATLAS_2_pred/Training/sub-r003s004/ses-1/mri/mwp1T1w.nii,TRUE,85.68%,B
/data/datasets/Preprocessing/ATLAS_2/ATLAS_2_pred/Training/sub-r001s023/ses-1/mri/mwp1T1w.nii,TRUE,81.01%,B-
/data/datasets/Preprocessing/ATLAS_2/ATLAS_2_pred/Training/sub-r048s011/ses-1/mri/mwp1T1w.nii,TRUE,86.62%,B
/data/datasets/Preprocessing/ATLAS_2/ATLAS_2_pred/Training/sub-r027s047/ses-1/mri/mwp1T1w.nii,TRUE,83.53%,B
/data/datasets/Preprocessing/ATLAS_2/ATLAS_2_pred/Training/sub-r034s010/ses-1/mri/mwp1T1w.nii,TRUE,85.98%,B
/data/datasets/Preprocessing/ATLAS_2/ATLAS_2_pred/Training/sub-r004s022/ses-1/mri/mwp1T1w.nii,TRUE,85.58%,B
/data/datasets/Preprocessing/ABIDE_T1/ABIDE_T1_pred/50271/mri/mwp1T1W.nii,FALSE,86.38%,B
/data/datasets/Preprocessing/ABIDE_T1/ABIDE_T1_pred/51048/mri/mwp1T1W.nii,FALSE,79.28%,C+
/data/datasets/Preprocessing/ABIDE_T1/ABIDE_T1_pred/50040/mri/mwp1T1W.nii,FALSE,83.86%,B
/data/datasets/Preprocessing/ATLAS_2/ATLAS_2_pred/Training/sub-r004s033/ses-1/mri/mwp1T1w.nii,TRUE,78.56%,C+
/data/datasets/Preprocessing/ATLAS_2/ATLAS_2_pred/Training/sub-r050s005/ses-1/mri/mwp1T1w.nii,TRUE,83.29%,B-
/data/datasets/Preprocessing/ABIDE_T1/ABIDE_T1_pred/51083/mri/mwp1T1W.nii,FALSE,80.26%,B-
/data/datasets/Preprocessing/ABIDE_T1/ABIDE_T1_pred/50102/mri/mwp1T1W.nii,FALSE,82.26%,B-
/data/datasets/Preprocessing/ABIDE_T1/ABIDE_T1_pred/51120/mri/mwp1T1W.nii,FALSE,76.24%,C
/data/datasets/Preprocessing/ATLAS_2/ATLAS_2_pred/Training/sub-r047s050/ses-1/mri/mwp1T1w.nii,TRUE,86.08%,B
/data/datasets/Preprocessing/ABIDE_T1/ABIDE_T1_pred/51282/mri/mwp1T1W.nii,FALSE,80.78%,B-
/data/datasets/Preprocessing/ATLAS_2/ATLAS_2_pred/Training/sub-r049s012/ses-1/mri/mwp1T1w.nii,TRUE,85.77%,B
/data/datasets/Preprocessing/ABIDE_T1/ABIDE_T1_pred/50114/mri/mwp1T1W.nii,FALSE,84.42%,B
/data/datasets/Preprocessing/ATLAS_2/ATLAS_2_pred/Training/sub-r011s025/ses-1/mri/mwp1T1w.nii,TRUE,84.05%,B
/data/datasets/Preprocessing/ABIDE_T1/ABIDE_T1_pred/51154/mri/mwp1T1W.nii,FALSE,78.68%,C+
/data/datasets/Preprocessing/ATLAS_2/ATLAS_2_pred/Training/sub-r001s011/ses-1/mri/mwp1T1w.nii,TRUE,81.89%,B-
/data/datasets/Preprocessing/ATLAS_2/ATLAS_2_pred/Training/sub-r024s018/ses-1/mri/mwp1T1w.nii,TRUE,85.69%,B
/data/datasets/Preprocessing/ABIDE_T1/ABIDE_T1_pred/50664/mri/mwp1T1W.nii,FALSE,85.11%,B
/data/datasets/Preprocessing/ABIDE_T1/ABIDE_T1_pred/50204/mri/mwp1T1W.nii,FALSE,77.47%,C+
/data/datasets/Preprocessing/ATLAS_2/ATLAS_2_pred/Training/sub-r010s012/ses-1/mri/mwp1T1w.nii,TRUE,79.19%,C+
/data/datasets/Preprocessing/ABIDE_T1/ABIDE_T1_pred/50032/mri/mwp1T1W.nii,FALSE,83.39%,B
/data/datasets/Preprocessing/ATLAS_2/ATLAS_2_pred/Training/sub-r047s043/ses-1/mri/mwp1T1w.nii,TRUE,86.17%,B
/data/datasets/Preprocessing/ATLAS_2/ATLAS_2_pred/Training/sub-r009s032/ses-1/mri/mwp1T1w.nii,TRUE,80.10%,B-
/data/datasets/Preprocessing/ATLAS_2/ATLAS_2_pred/Training/sub-r010s022/ses-1/mri/mwp1T1w.nii,TRUE,84.77%,B
/data/datasets/Preprocessing/ABIDE_T1/ABIDE_T1_pred/50265/mri/mwp1T1W.nii,FALSE,80.38%,B-
/data/datasets/Preprocessing/ABIDE_T1/ABIDE_T1_pred/51149/mri/mwp1T1W.nii,FALSE,77.80%,C+
/data/datasets/Preprocessing/ABIDE_T1/ABIDE_T1_pred/50814/mri/mwp1T1W.nii,FALSE,86.45%,B
/data/datasets/Preprocessing/ATLAS_2/ATLAS_2_pred/Training/sub-r001s015/ses-1/mri/mwp1T1w.nii,TRUE,83.37%,B
/data/datasets/Preprocessing/ATLAS_2/ATLAS_2_pred/Training/sub-r003s003/ses-1/mri/mwp1T1w.nii,TRUE,85.54%,B
/data/datasets/Preprocessing/ATLAS_2/ATLAS_2_pred/Training/sub-r031s005/ses-1/mri/mwp1T1w.nii,TRUE,86.18%,B
/data/datasets/Preprocessing/ATLAS_2/ATLAS_2_pred/Training/sub-r002s006/ses-1/mri/mwp1T1w.nii,TRUE,85.94%,B
/data/datasets/Preprocessing/ATLAS_2/ATLAS_2_pred/Training/sub-r003s008/ses-1/mri/mwp1T1w.nii,TRUE,86.27%,B
/data/datasets/Preprocessing/ATLAS_2/ATLAS_2_pred/Training/sub-r040s030/ses-1/mri/mwp1T1w.nii,TRUE,72.60%,C-
/data/datasets/Preprocessing/ABIDE_T1/ABIDE_T1_pred/51109/mri/mwp1T1W.nii,FALSE,76.11%,C
/data/datasets/Preprocessing/ABIDE_T1/ABIDE_T1_pred/50456/mri/mwp1T1W.nii,FALSE,89.14%,B+
/data/datasets/Preprocessing/ATLAS_2/ATLAS_2_pred/Training/sub-r004s015/ses-1/mri/mwp1T1w.nii,TRUE,85.69%,B
/data/datasets/Preprocessing/ABIDE_T1/ABIDE_T1_pred/50197/mri/mwp1T1W.nii,FALSE,73.63%,C
/data/datasets/Preprocessing/ABIDE_T1/ABIDE_T1_pred/50555/mri/mwp1T1W.nii,FALSE,82.03%,B-
/data/datasets/Preprocessing/ABIDE_T1/ABIDE_T1_pred/50812/mri/mwp1T1W.nii,FALSE,83.29%,B-
/data/datasets/Preprocessing/ABIDE_T1/ABIDE_T1_pred/50262/mri/mwp1T1W.nii,FALSE,86.34%,B
/data/datasets/Preprocessing/ATLAS_2/ATLAS_2_pred/Training/sub-r014s008/ses-1/mri/mwp1T1w.nii,TRUE,85.47%,B
/data/datasets/Preprocessing/ABIDE_T1/ABIDE_T1_pred/50683/mri/mwp1T1W.nii,FALSE,83.86%,B
/data/datasets/Preprocessing/ATLAS_2/ATLAS_2_pred/Training/sub-r004s027/ses-1/mri/mwp1T1w.nii,TRUE,85.44%,B
/data/datasets/Preprocessing/ATLAS_2/ATLAS_2_pred/Training/sub-r038s021/ses-1/mri/mwp1T1w.nii,TRUE,84.98%,B
/data/datasets/Preprocessing/ATLAS_2/ATLAS_2_pred/Training/sub-r010s013/ses-1/mri/mwp1T1w.nii,TRUE,85.25%,B
/data/datasets/Preprocessing/ATLAS_2/ATLAS_2_pred/Training/sub-r029s007/ses-1/mri/mwp1T1w.nii,TRUE,75.60%,C
/data/datasets/Preprocessing/ABIDE_T1/ABIDE_T1_pred/51256/mri/mwp1T1W.nii,FALSE,83.76%,B
/data/datasets/Preprocessing/ATLAS_2/ATLAS_2_pred/Training/sub-r049s024/ses-1/mri/mwp1T1w.nii,TRUE,86.05%,B
/data/datasets/Preprocessing/ABIDE_T1/ABIDE_T1_pred/51137/mri/mwp1T1W.nii,FALSE,84.87%,B
/data/datasets/Preprocessing/ABIDE_T1/ABIDE_T1_pred/51050/mri/mwp1T1W.nii,FALSE,79.85%,C+
/data/datasets/Preprocessing/ATLAS_2/ATLAS_2_pred/Training/sub-r038s049/ses-1/mri/mwp1T1w.nii,TRUE,85.44%,B
/data/datasets/Preprocessing/ATLAS_2/ATLAS_2_pred/Training/sub-r009s076/ses-1/mri/mwp1T1w.nii,TRUE,76.54%,C
/data/datasets/Preprocessing/ABIDE_T1/ABIDE_T1_pred/50045/mri/mwp1T1W.nii,FALSE,82.71%,B-
/data/datasets/Preprocessing/ATLAS_2/ATLAS_2_pred/Training/sub-r009s004/ses-1/mri/mwp1T1w.nii,TRUE,85.48%,B
/data/datasets/Preprocessing/ATLAS_2/ATLAS_2_pred/Training/sub-r028s014/ses-1/mri/mwp1T1w.nii,TRUE,86.54%,B
/data/datasets/Preprocessing/ATLAS_2/ATLAS_2_pred/Training/sub-r011s011/ses-1/mri/mwp1T1w.nii,TRUE,84.50%,B
/data/datasets/Preprocessing/ATLAS_2/ATLAS_2_pred/Training/sub-r010s006/ses-1/mri/mwp1T1w.nii,TRUE,84.94%,B
/data/datasets/Preprocessing/ATLAS_2/ATLAS_2_pred/Training/sub-r011s012/ses-1/mri/mwp1T1w.nii,TRUE,86.32%,B
/data/datasets/Preprocessing/ABIDE_T1/ABIDE_T1_pred/50551/mri/mwp1T1W.nii,FALSE,81.34%,B-
/data/datasets/Preprocessing/ATLAS_2/ATLAS_2_pred/Training/sub-r001s009/ses-1/mri/mwp1T1w.nii,TRUE,83.47%,B
/data/datasets/Preprocessing/ABIDE_T1/ABIDE_T1_pred/50784/mri/mwp1T1W.nii,FALSE,81.86%,B-
/data/datasets/Preprocessing/ATLAS_2/ATLAS_2_pred/Training/sub-r044s003/ses-1/mri/mwp1T1w.nii,TRUE,86.55%,B
/data/datasets/Preprocessing/ABIDE_T1/ABIDE_T1_pred/51118/mri/mwp1T1W.nii,FALSE,79.08%,C+
/data/datasets/Preprocessing/ABIDE_T1/ABIDE_T1_pred/51049/mri/mwp1T1W.nii,FALSE,78.92%,C+
/data/datasets/Preprocessing/ATLAS_2/ATLAS_2_pred/Training/sub-r047s007/ses-1/mri/mwp1T1w.nii,TRUE,84.15%,B
/data/datasets/Preprocessing/ABIDE_T1/ABIDE_T1_pred/51117/mri/mwp1T1W.nii,FALSE,80.04%,B-
/data/datasets/Preprocessing/ATLAS_2/ATLAS_2_pred/Training/sub-r001s039/ses-1/mri/mwp1T1w.nii,TRUE,78.61%,C+
/data/datasets/Preprocessing/ATLAS_2/ATLAS_2_pred/Training/sub-r001s020/ses-1/mri/mwp1T1w.nii,TRUE,82.07%,B-
/data/datasets/Preprocessing/ABIDE_T1/ABIDE_T1_pred/50730/mri/mwp1T1W.nii,FALSE,78.41%,C+
/data/datasets/Preprocessing/ABIDE_T1/ABIDE_T1_pred/51476/mri/mwp1T1W.nii,FALSE,82.79%,B-
/data/datasets/Preprocessing/ABIDE_T1/ABIDE_T1_pred/51067/mri/mwp1T1W.nii,FALSE,79.59%,C+
/data/datasets/Preprocessing/ABIDE_T1/ABIDE_T1_pred/50390/mri/mwp1T1W.nii,FALSE,81.85%,B-
/data/datasets/Preprocessing/ATLAS_2/ATLAS_2_pred/Training/sub-r031s032/ses-1/mri/mwp1T1w.nii,TRUE,86.33%,B
/data/datasets/Preprocessing/ATLAS_2/ATLAS_2_pred/Training/sub-r023s017/ses-1/mri/mwp1T1w.nii,TRUE,83.07%,B-
/data/datasets/Preprocessing/ABIDE_T1/ABIDE_T1_pred/51315/mri/mwp1T1W.nii,FALSE,83.04%,B-
/data/datasets/Preprocessing/ABIDE_T1/ABIDE_T1_pred/50269/mri/mwp1T1W.nii,FALSE,86.29%,B
/data/datasets/Preprocessing/ATLAS_2/ATLAS_2_pred/Training/sub-r038s057/ses-1/mri/mwp1T1w.nii,TRUE,85.27%,B
/data/datasets/Preprocessing/ABIDE_T1/ABIDE_T1_pred/51485/mri/mwp1T1W.nii,FALSE,82.57%,B-
/data/datasets/Preprocessing/ATLAS_2/ATLAS_2_pred/Training/sub-r031s017/ses-1/mri/mwp1T1w.nii,TRUE,85.22%,B
/data/datasets/Preprocessing/ATLAS_2/ATLAS_2_pred/Training/sub-r034s012/ses-1/mri/mwp1T1w.nii,TRUE,77.27%,C+
/data/datasets/Preprocessing/ABIDE_T1/ABIDE_T1_pred/50810/mri/mwp1T1W.nii,FALSE,86.63%,B
/data/datasets/Preprocessing/ABIDE_T1/ABIDE_T1_pred/51072/mri/mwp1T1W.nii,FALSE,81.67%,B-
/data/datasets/Preprocessing/ABIDE_T1/ABIDE_T1_pred/51367/mri/mwp1T1W.nii,FALSE,83.78%,B
/data/datasets/Preprocessing/ABIDE_T1/ABIDE_T1_pred/51363/mri/mwp1T1W.nii,FALSE,83.17%,B-
/data/datasets/Preprocessing/ATLAS_2/ATLAS_2_pred/Training/sub-r009s043/ses-1/mri/mwp1T1w.nii,TRUE,82.31%,B-
/data/datasets/Preprocessing/ATLAS_2/ATLAS_2_pred/Training/sub-r009s038/ses-1/mri/mwp1T1w.nii,TRUE,86.21%,B
/data/datasets/Preprocessing/ABIDE_T1/ABIDE_T1_pred/50034/mri/mwp1T1W.nii,FALSE,83.22%,B-
/data/datasets/Preprocessing/ABIDE_T1/ABIDE_T1_pred/51039/mri/mwp1T1W.nii,FALSE,77.89%,C+
/data/datasets/Preprocessing/ATLAS_2/ATLAS_2_pred/Training/sub-r009s102/ses-1/mri/mwp1T1w.nii,TRUE,75.58%,C
/data/datasets/Preprocessing/ATLAS_2/ATLAS_2_pred/Training/sub-r024s013/ses-1/mri/mwp1T1w.nii,TRUE,84.56%,B
/data/datasets/Preprocessing/ATLAS_2/ATLAS_2_pred/Training/sub-r003s015/ses-1/mri/mwp1T1w.nii,TRUE,86.53%,B
/data/datasets/Preprocessing/ATLAS_2/ATLAS_2_pred/Training/sub-r052s002/ses-1/mri/mwp1T1w.nii,TRUE,83.10%,B-
/data/datasets/Preprocessing/ABIDE_T1/ABIDE_T1_pred/50570/mri/mwp1T1W.nii,FALSE,85.86%,B
/data/datasets/Preprocessing/ATLAS_2/ATLAS_2_pred/Training/sub-r019s001/ses-1/mri/mwp1T1w.nii,TRUE,86.31%,B
/data/datasets/Preprocessing/ATLAS_2/ATLAS_2_pred/Training/sub-r052s011/ses-1/mri/mwp1T1w.nii,TRUE,86.60%,B
/data/datasets/Preprocessing/ABIDE_T1/ABIDE_T1_pred/51568/mri/mwp1T1W.nii,FALSE,82.16%,B-
/data/datasets/Preprocessing/ABIDE_T1/ABIDE_T1_pred/51058/mri/mwp1T1W.nii,FALSE,81.17%,B-
/data/datasets/Preprocessing/ABIDE_T1/ABIDE_T1_pred/51106/mri/mwp1T1W.nii,FALSE,80.57%,B-
/data/datasets/Preprocessing/ATLAS_2/ATLAS_2_pred/Training/sub-r019s004/ses-1/mri/mwp1T1w.nii,TRUE,76.91%,C+
/data/datasets/Preprocessing/ATLAS_2/ATLAS_2_pred/Training/sub-r004s032/ses-1/mri/mwp1T1w.nii,TRUE,85.89%,B
/data/datasets/Preprocessing/ATLAS_2/ATLAS_2_pred/Training/sub-r003s005/ses-1/mri/mwp1T1w.nii,TRUE,81.89%,B-
/data/datasets/Preprocessing/ABIDE_T1/ABIDE_T1_pred/50259/mri/mwp1T1W.nii,FALSE,86.19%,B
/data/datasets/Preprocessing/ABIDE_T1/ABIDE_T1_pred/50257/mri/mwp1T1W.nii,FALSE,85.99%,B
/data/datasets/Preprocessing/ATLAS_2/ATLAS_2_pred/Training/sub-r014s004/ses-1/mri/mwp1T1w.nii,TRUE,85.96%,B
/data/datasets/Preprocessing/ATLAS_2/ATLAS_2_pred/Training/sub-r048s043/ses-1/mri/mwp1T1w.nii,TRUE,86.39%,B
/data/datasets/Preprocessing/ATLAS_2/ATLAS_2_pred/Training/sub-r009s087/ses-1/mri/mwp1T1w.nii,TRUE,77.55%,C+
/data/datasets/Preprocessing/ABIDE_T1/ABIDE_T1_pred/51095/mri/mwp1T1W.nii,FALSE,77.96%,C+
/data/datasets/Preprocessing/ATLAS_2/ATLAS_2_pred/Training/sub-r052s015/ses-1/mri/mwp1T1w.nii,TRUE,84.89%,B
/data/datasets/Preprocessing/ABIDE_T1/ABIDE_T1_pred/50573/mri/mwp1T1W.nii,FALSE,81.82%,B-
/data/datasets/Preprocessing/ABIDE_T1/ABIDE_T1_pred/51112/mri/mwp1T1W.nii,FALSE,78.86%,C+
/data/datasets/Preprocessing/ABIDE_T1/ABIDE_T1_pred/50046/mri/mwp1T1W.nii,FALSE,85.11%,B
/data/datasets/Preprocessing/ABIDE_T1/ABIDE_T1_pred/51086/mri/mwp1T1W.nii,FALSE,82.69%,B-
/data/datasets/Preprocessing/ATLAS_2/ATLAS_2_pred/Training/sub-r040s054/ses-1/mri/mwp1T1w.nii,TRUE,77.64%,C+
/data/datasets/Preprocessing/ATLAS_2/ATLAS_2_pred/Training/sub-r010s009/ses-1/mri/mwp1T1w.nii,TRUE,83.18%,B-
/data/datasets/Preprocessing/ATLAS_2/ATLAS_2_pred/Training/sub-r040s013/ses-1/mri/mwp1T1w.nii,TRUE,81.32%,B-
/data/datasets/Preprocessing/ATLAS_2/ATLAS_2_pred/Training/sub-r052s026/ses-1/mri/mwp1T1w.nii,TRUE,83.99%,B
/data/datasets/Preprocessing/ATLAS_2/ATLAS_2_pred/Training/sub-r042s001/ses-1/mri/mwp1T1w.nii,TRUE,86.23%,B
/data/datasets/Preprocessing/ABIDE_T1/ABIDE_T1_pred/51126/mri/mwp1T1W.nii,FALSE,78.96%,C+
/data/datasets/Preprocessing/ABIDE_T1/ABIDE_T1_pred/50471/mri/mwp1T1W.nii,FALSE,89.33%,B+
/data/datasets/Preprocessing/ATLAS_2/ATLAS_2_pred/Training/sub-r004s001/ses-1/mri/mwp1T1w.nii,TRUE,84.44%,B
/data/datasets/Preprocessing/ATLAS_2/ATLAS_2_pred/Training/sub-r009s053/ses-1/mri/mwp1T1w.nii,TRUE,77.96%,C+
/data/datasets/Preprocessing/ATLAS_2/ATLAS_2_pred/Training/sub-r049s016/ses-1/mri/mwp1T1w.nii,TRUE,78.61%,C+
/data/datasets/Preprocessing/ABIDE_T1/ABIDE_T1_pred/51370/mri/mwp1T1W.nii,FALSE,83.37%,B
/data/datasets/Preprocessing/ATLAS_2/ATLAS_2_pred/Training/sub-r009s085/ses-1/mri/mwp1T1w.nii,TRUE,81.58%,B-
/data/datasets/Preprocessing/ABIDE_T1/ABIDE_T1_pred/51068/mri/mwp1T1W.nii,FALSE,78.89%,C+
/data/datasets/Preprocessing/ABIDE_T1/ABIDE_T1_pred/50042/mri/mwp1T1W.nii,FALSE,83.54%,B
/data/datasets/Preprocessing/ATLAS_2/ATLAS_2_pred/Training/sub-r009s027/ses-1/mri/mwp1T1w.nii,TRUE,78.91%,C+
/data/datasets/Preprocessing/ATLAS_2/ATLAS_2_pred/Training/sub-r010s010/ses-1/mri/mwp1T1w.nii,TRUE,84.16%,B
/data/datasets/Preprocessing/ATLAS_2/ATLAS_2_pred/Training/sub-r009s064/ses-1/mri/mwp1T1w.nii,TRUE,83.95%,B
/data/datasets/Preprocessing/ATLAS_2/ATLAS_2_pred/Training/sub-r046s011/ses-1/mri/mwp1T1w.nii,TRUE,86.17%,B
/data/datasets/Preprocessing/ATLAS_2/ATLAS_2_pred/Training/sub-r004s021/ses-1/mri/mwp1T1w.nii,TRUE,84.98%,B
/data/datasets/Preprocessing/ATLAS_2/ATLAS_2_pred/Training/sub-r009s041/ses-1/mri/mwp1T1w.nii,TRUE,83.93%,B
/data/datasets/Preprocessing/ATLAS_2/ATLAS_2_pred/Training/sub-r009s109/ses-1/mri/mwp1T1w.nii,TRUE,86.25%,B
/data/datasets/Preprocessing/ABIDE_T1/ABIDE_T1_pred/50110/mri/mwp1T1W.nii,FALSE,69.51%,D+
/data/datasets/Preprocessing/ABIDE_T1/ABIDE_T1_pred/51085/mri/mwp1T1W.nii,FALSE,77.71%,C+
/data/datasets/Preprocessing/ATLAS_2/ATLAS_2_pred/Training/sub-r009s036/ses-1/mri/mwp1T1w.nii,TRUE,77.32%,C+
/data/datasets/Preprocessing/ABIDE_T1/ABIDE_T1_pred/51123/mri/mwp1T1W.nii,FALSE,78.80%,C+
/data/datasets/Preprocessing/ABIDE_T1/ABIDE_T1_pred/50455/mri/mwp1T1W.nii,FALSE,88.31%,B+
/data/datasets/Preprocessing/ATLAS_2/ATLAS_2_pred/Training/sub-r038s081/ses-1/mri/mwp1T1w.nii,TRUE,85.53%,B
/data/datasets/Preprocessing/ATLAS_2/ATLAS_2_pred/Training/sub-r004s036/ses-1/mri/mwp1T1w.nii,TRUE,84.39%,B
/data/datasets/Preprocessing/ABIDE_T1/ABIDE_T1_pred/50106/mri/mwp1T1W.nii,FALSE,81.29%,B-
/data/datasets/Preprocessing/ATLAS_2/ATLAS_2_pred/Training/sub-r048s006/ses-1/mri/mwp1T1w.nii,TRUE,86.02%,B
/data/datasets/Preprocessing/ABIDE_T1/ABIDE_T1_pred/50568/mri/mwp1T1W.nii,FALSE,81.48%,B-
/data/datasets/Preprocessing/ATLAS_2/ATLAS_2_pred/Training/sub-r034s021/ses-1/mri/mwp1T1w.nii,TRUE,78.55%,C+
/data/datasets/Preprocessing/ATLAS_2/ATLAS_2_pred/Training/sub-r001s029/ses-1/mri/mwp1T1w.nii,TRUE,79.83%,C+
/data/datasets/Preprocessing/ATLAS_2/ATLAS_2_pred/Training/sub-r017s110/ses-1/mri/mwp1T1w.nii,TRUE,85.13%,B
/data/datasets/Preprocessing/ABIDE_T1/ABIDE_T1_pred/51082/mri/mwp1T1W.nii,FALSE,76.87%,C+
/data/datasets/Preprocessing/ATLAS_2/ATLAS_2_pred/Training/sub-r001s004/ses-1/mri/mwp1T1w.nii,TRUE,82.04%,B-
/data/datasets/Preprocessing/ABIDE_T1/ABIDE_T1_pred/51490/mri/mwp1T1W.nii,FALSE,82.78%,B-
/data/datasets/Preprocessing/ATLAS_2/ATLAS_2_pred/Training/sub-r048s014/ses-1/mri/mwp1T1w.nii,TRUE,86.23%,B
/data/datasets/Preprocessing/ABIDE_T1/ABIDE_T1_pred/51280/mri/mwp1T1W.nii,FALSE,83.15%,B-
/data/datasets/Preprocessing/ATLAS_2/ATLAS_2_pred/Training/sub-r015s010/ses-1/mri/mwp1T1w.nii,TRUE,83.28%,B-
/data/datasets/Preprocessing/ABIDE_T1/ABIDE_T1_pred/51132/mri/mwp1T1W.nii,FALSE,86.44%,B
/data/datasets/Preprocessing/ABIDE_T1/ABIDE_T1_pred/51063/mri/mwp1T1W.nii,FALSE,81.11%,B-
/data/datasets/Preprocessing/ATLAS_2/ATLAS_2_pred/Training/sub-r009s118/ses-1/mri/mwp1T1w.nii,TRUE,85.13%,B
/data/datasets/Preprocessing/ABIDE_T1/ABIDE_T1_pred/51250/mri/mwp1T1W.nii,FALSE,77.67%,C+
Test on ABIDE dataset,,,
img_path,"prediction(True for truth, False for error)",IQR,rank
/data/datasets/Preprocessing/ABIDE_T1/ABIDE_T1_pred/50432/mri/mwp1T1W.nii,TRUE,90.17%,A-
/data/datasets/Preprocessing/ABIDE_T1/ABIDE_T1_pred/51101/mri/mwp1T1W.nii,TRUE,78.73%,C+
/data/datasets/Preprocessing/ABIDE_T1/ABIDE_T1_pred/50555/mri/mwp1T1W.nii,TRUE,82.03%,B-
/data/datasets/Preprocessing/ABIDE_T1/ABIDE_T1_pred/50249/mri/mwp1T1W.nii,FALSE,86.07%,B
/data/datasets/Preprocessing/ABIDE_T1/ABIDE_T1_pred/50556/mri/mwp1T1W.nii,TRUE,84.19%,B
/data/datasets/Preprocessing/ABIDE_T1/ABIDE_T1_pred/51294/mri/mwp1T1W.nii,FALSE,83.37%,B
/data/datasets/Preprocessing/ABIDE_T1/ABIDE_T1_pred/50655/mri/mwp1T1W.nii,FALSE,82.48%,B-
/data/datasets/Preprocessing/ABIDE_T1/ABIDE_T1_pred/50125/mri/mwp1T1W.nii,FALSE,83.93%,B
/data/datasets/Preprocessing/ABIDE_T1/ABIDE_T1_pred/50702/mri/mwp1T1W.nii,FALSE,85.24%,B
/data/datasets/Preprocessing/ABIDE_T1/ABIDE_T1_pred/50782/mri/mwp1T1W.nii,TRUE,86.59%,B
/data/datasets/Preprocessing/ABIDE_T1/ABIDE_T1_pred/50503/mri/mwp1T1W.nii,FALSE,89.70%,B+
/data/datasets/Preprocessing/ABIDE_T1/ABIDE_T1_pred/50132/mri/mwp1T1W.nii,FALSE,82.71%,B-
/data/datasets/Preprocessing/ABIDE_T1/ABIDE_T1_pred/50563/mri/mwp1T1W.nii,TRUE,81.67%,B-
/data/datasets/Preprocessing/ABIDE_T1/ABIDE_T1_pred/50773/mri/mwp1T1W.nii,TRUE,86.08%,B
/data/datasets/Preprocessing/ABIDE_T1/ABIDE_T1_pred/51280/mri/mwp1T1W.nii,TRUE,83.15%,B-
/data/datasets/Preprocessing/ABIDE_T1/ABIDE_T1_pred/50235/mri/mwp1T1W.nii,FALSE,86.05%,B
/data/datasets/Preprocessing/ABIDE_T1/ABIDE_T1_pred/51023/mri/mwp1T1W.nii,FALSE,78.90%,C+
/data/datasets/Preprocessing/ABIDE_T1/ABIDE_T1_pred/50137/mri/mwp1T1W.nii,FALSE,82.59%,B-
/data/datasets/Preprocessing/ABIDE_T1/ABIDE_T1_pred/50613/mri/mwp1T1W.nii,FALSE,80.95%,B-
/data/datasets/Preprocessing/ABIDE_T1/ABIDE_T1_pred/50805/mri/mwp1T1W.nii,FALSE,86.52%,B
/data/datasets/Preprocessing/ABIDE_T1/ABIDE_T1_pred/50777/mri/mwp1T1W.nii,TRUE,85.13%,B
/data/datasets/Preprocessing/ABIDE_T1/ABIDE_T1_pred/51298/mri/mwp1T1W.nii,FALSE,83.11%,B-
/data/datasets/Preprocessing/ABIDE_T1/ABIDE_T1_pred/51464/mri/mwp1T1W.nii,FALSE,73.43%,C
/data/datasets/Preprocessing/ABIDE_T1/ABIDE_T1_pred/50605/mri/mwp1T1W.nii,FALSE,83.09%,B-
/data/datasets/Preprocessing/ABIDE_T1/ABIDE_T1_pred/51208/mri/mwp1T1W.nii,FALSE,84.00%,B
/data/datasets/Preprocessing/ABIDE_T1/ABIDE_T1_pred/51573/mri/mwp1T1W.nii,FALSE,82.06%,B-
/data/datasets/Preprocessing/ABIDE_T1/ABIDE_T1_pred/50568/mri/mwp1T1W.nii,TRUE,81.48%,B-
/data/datasets/Preprocessing/ABIDE_T1/ABIDE_T1_pred/51131/mri/mwp1T1W.nii,TRUE,80.86%,B-
/data/datasets/Preprocessing/ABIDE_T1/ABIDE_T1_pred/50811/mri/mwp1T1W.nii,TRUE,86.15%,B
/data/datasets/Preprocessing/ABIDE_T1/ABIDE_T1_pred/50203/mri/mwp1T1W.nii,TRUE,82.62%,B-
/data/datasets/Preprocessing/ABIDE_T1/ABIDE_T1_pred/51064/mri/mwp1T1W.nii,TRUE,77.32%,C+
/data/datasets/Preprocessing/ABIDE_T1/ABIDE_T1_pred/50405/mri/mwp1T1W.nii,FALSE,81.77%,B-
/data/datasets/Preprocessing/ABIDE_T1/ABIDE_T1_pred/50046/mri/mwp1T1W.nii,TRUE,85.11%,B
/data/datasets/Preprocessing/ABIDE_T1/ABIDE_T1_pred/51313/mri/mwp1T1W.nii,TRUE,84.24%,B
/data/datasets/Preprocessing/ABIDE_T1/ABIDE_T1_pred/51116/mri/mwp1T1W.nii,TRUE,79.93%,C+
/data/datasets/Preprocessing/ABIDE_T1/ABIDE_T1_pred/50211/mri/mwp1T1W.nii,TRUE,72.85%,C-
/data/datasets/Preprocessing/ABIDE_T1/ABIDE_T1_pred/50418/mri/mwp1T1W.nii,TRUE,73.25%,C-
/data/datasets/Preprocessing/ABIDE_T1/ABIDE_T1_pred/50245/mri/mwp1T1W.nii,FALSE,86.01%,B
/data/datasets/Preprocessing/ABIDE_T1/ABIDE_T1_pred/51485/mri/mwp1T1W.nii,TRUE,82.57%,B-
/data/datasets/Preprocessing/ABIDE_T1/ABIDE_T1_pred/51036/mri/mwp1T1W.nii,TRUE,79.33%,C+
/data/datasets/Preprocessing/ABIDE_T1/ABIDE_T1_pred/50410/mri/mwp1T1W.nii,FALSE,69.60%,D+
/data/datasets/Preprocessing/ABIDE_T1/ABIDE_T1_pred/51046/mri/mwp1T1W.nii,TRUE,78.40%,C+
/data/datasets/Preprocessing/ABIDE_T1/ABIDE_T1_pred/50697/mri/mwp1T1W.nii,FALSE,84.43%,B
/data/datasets/Preprocessing/ABIDE_T1/ABIDE_T1_pred/50032/mri/mwp1T1W.nii,TRUE,83.39%,B
/data/datasets/Preprocessing/ABIDE_T1/ABIDE_T1_pred/51147/mri/mwp1T1W.nii,TRUE,82.45%,B-
/data/datasets/Preprocessing/ABIDE_T1/ABIDE_T1_pred/50955/mri/mwp1T1W.nii,FALSE,84.44%,B
/data/datasets/Preprocessing/ABIDE_T1/ABIDE_T1_pred/50105/mri/mwp1T1W.nii,TRUE,83.55%,B
/data/datasets/Preprocessing/ABIDE_T1/ABIDE_T1_pred/50756/mri/mwp1T1W.nii,FALSE,85.03%,B
/data/datasets/Preprocessing/ABIDE_T1/ABIDE_T1_pred/50026/mri/mwp1T1W.nii,FALSE,82.16%,B-
/data/datasets/Preprocessing/ABIDE_T1/ABIDE_T1_pred/50803/mri/mwp1T1W.nii,FALSE,86.62%,B
/data/datasets/Preprocessing/ABIDE_T1/ABIDE_T1_pred/51072/mri/mwp1T1W.nii,TRUE,81.67%,B-
/data/datasets/Preprocessing/ABIDE_T1/ABIDE_T1_pred/51050/mri/mwp1T1W.nii,TRUE,79.85%,C+
/data/datasets/Preprocessing/ABIDE_T1/ABIDE_T1_pred/51124/mri/mwp1T1W.nii,TRUE,78.24%,C+
/data/datasets/Preprocessing/ABIDE_T1/ABIDE_T1_pred/51086/mri/mwp1T1W.nii,TRUE,82.69%,B-
/data/datasets/Preprocessing/ABIDE_T1/ABIDE_T1_pred/50532/mri/mwp1T1W.nii,FALSE,87.54%,B+
/data/datasets/Preprocessing/ABIDE_T1/ABIDE_T1_pred/50216/mri/mwp1T1W.nii,FALSE,77.41%,C+
/data/datasets/Preprocessing/ABIDE_T1/ABIDE_T1_pred/51329/mri/mwp1T1W.nii,FALSE,82.97%,B-
/data/datasets/Preprocessing/ABIDE_T1/ABIDE_T1_pred/51025/mri/mwp1T1W.nii,FALSE,81.84%,B-
/data/datasets/Preprocessing/ABIDE_T1/ABIDE_T1_pred/51062/mri/mwp1T1W.nii,TRUE,82.07%,B-
/data/datasets/Preprocessing/ABIDE_T1/ABIDE_T1_pred/51474/mri/mwp1T1W.nii,FALSE,83.78%,B
/data/datasets/Preprocessing/ABIDE_T1/ABIDE_T1_pred/51059/mri/mwp1T1W.nii,TRUE,81.10%,B-
/data/datasets/Preprocessing/ABIDE_T1/ABIDE_T1_pred/51489/mri/mwp1T1W.nii,TRUE,81.92%,B-
/data/datasets/Preprocessing/ABIDE_T1/ABIDE_T1_pred/51126/mri/mwp1T1W.nii,TRUE,78.96%,C+
/data/datasets/Preprocessing/ABIDE_T1/ABIDE_T1_pred/50007/mri/mwp1T1W.nii,FALSE,81.50%,B-
/data/datasets/Preprocessing/ABIDE_T1/ABIDE_T1_pred/51165/mri/mwp1T1W.nii,FALSE,74.24%,C
/data/datasets/Preprocessing/ABIDE_T1/ABIDE_T1_pred/51356/mri/mwp1T1W.nii,TRUE,83.97%,B
/data/datasets/Preprocessing/ABIDE_T1/ABIDE_T1_pred/51096/mri/mwp1T1W.nii,TRUE,79.13%,C+
/data/datasets/Preprocessing/ABIDE_T1/ABIDE_T1_pred/50255/mri/mwp1T1W.nii,FALSE,86.31%,B
/data/datasets/Preprocessing/ABIDE_T1/ABIDE_T1_pred/50451/mri/mwp1T1W.nii,TRUE,89.64%,B+
/data/datasets/Preprocessing/ABIDE_T1/ABIDE_T1_pred/50113/mri/mwp1T1W.nii,TRUE,84.59%,B
/data/datasets/Preprocessing/ABIDE_T1/ABIDE_T1_pred/50060/mri/mwp1T1W.nii,TRUE,84.64%,B
/data/datasets/Preprocessing/ABIDE_T1/ABIDE_T1_pred/51606/mri/mwp1T1W.nii,FALSE,82.76%,B-
/data/datasets/Preprocessing/ABIDE_T1/ABIDE_T1_pred/51089/mri/mwp1T1W.nii,TRUE,77.09%,C+
/data/datasets/Preprocessing/ABIDE_T1/ABIDE_T1_pred/51113/mri/mwp1T1W.nii,TRUE,80.37%,B-
/data/datasets/Preprocessing/ABIDE_T1/ABIDE_T1_pred/50262/mri/mwp1T1W.nii,TRUE,86.34%,B
/data/datasets/Preprocessing/ABIDE_T1/ABIDE_T1_pred/50625/mri/mwp1T1W.nii,FALSE,82.90%,B-
/data/datasets/Preprocessing/ABIDE_T1/ABIDE_T1_pred/50213/mri/mwp1T1W.nii,TRUE,79.17%,C+
/data/datasets/Preprocessing/ABIDE_T1/ABIDE_T1_pred/50161/mri/mwp1T1W.nii,TRUE,85.01%,B
/data/datasets/Preprocessing/ABIDE_T1/ABIDE_T1_pred/50566/mri/mwp1T1W.nii,TRUE,83.28%,B-
/data/datasets/Preprocessing/ABIDE_T1/ABIDE_T1_pred/50986/mri/mwp1T1W.nii,FALSE,74.68%,C
/data/datasets/Preprocessing/ABIDE_T1/ABIDE_T1_pred/51491/mri/mwp1T1W.nii,TRUE,82.59%,B-
/data/datasets/Preprocessing/ABIDE_T1/ABIDE_T1_pred/50481/mri/mwp1T1W.nii,FALSE,88.74%,B+
/data/datasets/Preprocessing/ABIDE_T1/ABIDE_T1_pred/50267/mri/mwp1T1W.nii,TRUE,86.34%,B
/data/datasets/Preprocessing/ABIDE_T1/ABIDE_T1_pred/50042/mri/mwp1T1W.nii,TRUE,83.54%,B
/data/datasets/Preprocessing/ABIDE_T1/ABIDE_T1_pred/51051/mri/mwp1T1W.nii,TRUE,79.99%,C+
/data/datasets/Preprocessing/ABIDE_T1/ABIDE_T1_pred/50149/mri/mwp1T1W.nii,FALSE,85.09%,B
/data/datasets/Preprocessing/ABIDE_T1/ABIDE_T1_pred/50701/mri/mwp1T1W.nii,TRUE,78.26%,C+
/data/datasets/Preprocessing/ABIDE_T1/ABIDE_T1_pred/50487/mri/mwp1T1W.nii,FALSE,83.79%,B
/data/datasets/Preprocessing/ABIDE_T1/ABIDE_T1_pred/50602/mri/mwp1T1W.nii,FALSE,85.05%,B
/data/datasets/Preprocessing/ABIDE_T1/ABIDE_T1_pred/50045/mri/mwp1T1W.nii,TRUE,82.71%,B-
/data/datasets/Preprocessing/ABIDE_T1/ABIDE_T1_pred/50682/mri/mwp1T1W.nii,TRUE,74.42%,C
/data/datasets/Preprocessing/ABIDE_T1/ABIDE_T1_pred/51362/mri/mwp1T1W.nii,TRUE,82.52%,B-
/data/datasets/Preprocessing/ABIDE_T1/ABIDE_T1_pred/50619/mri/mwp1T1W.nii,FALSE,82.41%,B-
/data/datasets/Preprocessing/ABIDE_T1/ABIDE_T1_pred/51106/mri/mwp1T1W.nii,TRUE,80.57%,B-
/data/datasets/Preprocessing/ABIDE_T1/ABIDE_T1_pred/51279/mri/mwp1T1W.nii,TRUE,82.02%,B-
/data/datasets/Preprocessing/ABIDE_T1/ABIDE_T1_pred/50034/mri/mwp1T1W.nii,TRUE,83.22%,B-
/data/datasets/Preprocessing/ABIDE_T1/ABIDE_T1_pred/50664/mri/mwp1T1W.nii,TRUE,85.11%,B
/data/datasets/Preprocessing/ABIDE_T1/ABIDE_T1_pred/51355/mri/mwp1T1W.nii,FALSE,81.28%,B-
/data/datasets/Preprocessing/ABIDE_T1/ABIDE_T1_pred/51346/mri/mwp1T1W.nii,TRUE,82.40%,B-
/data/datasets/Preprocessing/ABIDE_T1/ABIDE_T1_pred/50192/mri/mwp1T1W.nii,FALSE,71.97%,C-
/data/datasets/Preprocessing/ABIDE_T1/ABIDE_T1_pred/50810/mri/mwp1T1W.nii,TRUE,86.63%,B
/data/datasets/Preprocessing/ABIDE_T1/ABIDE_T1_pred/50264/mri/mwp1T1W.nii,TRUE,86.42%,B
/data/datasets/Preprocessing/ABIDE_T1/ABIDE_T1_pred/51344/mri/mwp1T1W.nii,TRUE,82.26%,B-
/data/datasets/Preprocessing/ABIDE_T1/ABIDE_T1_pred/51152/mri/mwp1T1W.nii,TRUE,80.85%,B-
/data/datasets/Preprocessing/ABIDE_T1/ABIDE_T1_pred/50614/mri/mwp1T1W.nii,FALSE,81.23%,B-
/data/datasets/Preprocessing/ABIDE_T1/ABIDE_T1_pred/50628/mri/mwp1T1W.nii,FALSE,81.81%,B-
/data/datasets/Preprocessing/ABIDE_T1/ABIDE_T1_pred/50163/mri/mwp1T1W.nii,TRUE,83.84%,B
/data/datasets/Preprocessing/ABIDE_T1/ABIDE_T1_pred/51027/mri/mwp1T1W.nii,FALSE,78.38%,C+
/data/datasets/Preprocessing/ABIDE_T1/ABIDE_T1_pred/50969/mri/mwp1T1W.nii,FALSE,74.87%,C
/data/datasets/Preprocessing/ABIDE_T1/ABIDE_T1_pred/51353/mri/mwp1T1W.nii,FALSE,67.33%,D+
/data/datasets/Preprocessing/ABIDE_T1/ABIDE_T1_pred/50653/mri/mwp1T1W.nii,FALSE,85.85%,B
/data/datasets/Preprocessing/ABIDE_T1/ABIDE_T1_pred/51257/mri/mwp1T1W.nii,TRUE,81.34%,B-
/data/datasets/Preprocessing/ABIDE_T1/ABIDE_T1_pred/51161/mri/mwp1T1W.nii,FALSE,72.25%,C-
/data/datasets/Preprocessing/ABIDE_T1/ABIDE_T1_pred/51026/mri/mwp1T1W.nii,FALSE,79.82%,C+
/data/datasets/Preprocessing/ABIDE_T1/ABIDE_T1_pred/51061/mri/mwp1T1W.nii,TRUE,79.01%,C+
/data/datasets/Preprocessing/ABIDE_T1/ABIDE_T1_pred/50266/mri/mwp1T1W.nii,TRUE,86.34%,B
/data/datasets/Preprocessing/ABIDE_T1/ABIDE_T1_pred/51119/mri/mwp1T1W.nii,TRUE,80.57%,B-
/data/datasets/Preprocessing/ABIDE_T1/ABIDE_T1_pred/50999/mri/mwp1T1W.nii,FALSE,78.18%,C+
/data/datasets/Preprocessing/ABIDE_T1/ABIDE_T1_pred/50521/mri/mwp1T1W.nii,FALSE,88.63%,B+
/data/datasets/Preprocessing/ABIDE_T1/ABIDE_T1_pred/50233/mri/mwp1T1W.nii,FALSE,86.38%,B
/data/datasets/Preprocessing/ABIDE_T1/ABIDE_T1_pred/50242/mri/mwp1T1W.nii,FALSE,76.50%,C
/data/datasets/Preprocessing/ABIDE_T1/ABIDE_T1_pred/50253/mri/mwp1T1W.nii,FALSE,86.08%,B
/data/datasets/Preprocessing/ABIDE_T1/ABIDE_T1_pred/50015/mri/mwp1T1W.nii,FALSE,79.69%,C+
/data/datasets/Preprocessing/ABIDE_T1/ABIDE_T1_pred/50757/mri/mwp1T1W.nii,FALSE,85.24%,B
/data/datasets/Preprocessing/ABIDE_T1/ABIDE_T1_pred/51366/mri/mwp1T1W.nii,TRUE,84.13%,B
/data/datasets/Preprocessing/ABIDE_T1/ABIDE_T1_pred/51139/mri/mwp1T1W.nii,TRUE,86.26%,B
/data/datasets/Preprocessing/ABIDE_T1/ABIDE_T1_pred/50469/mri/mwp1T1W.nii,TRUE,89.83%,B+
/data/datasets/Preprocessing/ABIDE_T1/ABIDE_T1_pred/50485/mri/mwp1T1W.nii,FALSE,90.12%,A-
/data/datasets/Preprocessing/ABIDE_T1/ABIDE_T1_pred/51333/mri/mwp1T1W.nii,TRUE,78.18%,C+
/data/datasets/Preprocessing/ABIDE_T1/ABIDE_T1_pred/50574/mri/mwp1T1W.nii,TRUE,82.33%,B-
/data/datasets/Preprocessing/ABIDE_T1/ABIDE_T1_pred/51087/mri/mwp1T1W.nii,TRUE,77.42%,C+
/data/datasets/Preprocessing/ABIDE_T1/ABIDE_T1_pred/50239/mri/mwp1T1W.nii,FALSE,85.50%,B
/data/datasets/Preprocessing/ABIDE_T1/ABIDE_T1_pred/50695/mri/mwp1T1W.nii,FALSE,84.14%,B
/data/datasets/Preprocessing/ABIDE_T1/ABIDE_T1_pred/51060/mri/mwp1T1W.nii,TRUE,80.78%,B-
/data/datasets/Preprocessing/ABIDE_T1/ABIDE_T1_pred/51033/mri/mwp1T1W.nii,FALSE,72.04%,C-
/data/datasets/Preprocessing/ABIDE_T1/ABIDE_T1_pred/50383/mri/mwp1T1W.nii,TRUE,81.57%,B-
/data/datasets/Preprocessing/ABIDE_T1/ABIDE_T1_pred/51170/mri/mwp1T1W.nii,FALSE,76.59%,C
/data/datasets/Preprocessing/ABIDE_T1/ABIDE_T1_pred/50522/mri/mwp1T1W.nii,FALSE,89.77%,B+
/data/datasets/Preprocessing/ABIDE_T1/ABIDE_T1_pred/51141/mri/mwp1T1W.nii,TRUE,86.38%,B
/data/datasets/Preprocessing/ABIDE_T1/ABIDE_T1_pred/50645/mri/mwp1T1W.nii,FALSE,84.87%,B
/data/datasets/Preprocessing/ABIDE_T1/ABIDE_T1_pred/50812/mri/mwp1T1W.nii,TRUE,83.29%,B-
/data/datasets/Preprocessing/ABIDE_T1/ABIDE_T1_pred/50518/mri/mwp1T1W.nii,FALSE,89.83%,B+
/data/datasets/Preprocessing/ABIDE_T1/ABIDE_T1_pred/50428/mri/mwp1T1W.nii,TRUE,79.56%,C+
/data/datasets/Preprocessing/ABIDE_T1/ABIDE_T1_pred/51241/mri/mwp1T1W.nii,FALSE,83.25%,B-
/data/datasets/Preprocessing/ABIDE_T1/ABIDE_T1_pred/51048/mri/mwp1T1W.nii,TRUE,79.28%,C+
/data/datasets/Preprocessing/ABIDE_T1/ABIDE_T1_pred/51011/mri/mwp1T1W.nii,FALSE,74.94%,C
/data/datasets/Preprocessing/ABIDE_T1/ABIDE_T1_pred/50240/mri/mwp1T1W.nii,FALSE,86.30%,B
/data/datasets/Preprocessing/ABIDE_T1/ABIDE_T1_pred/50826/mri/mwp1T1W.nii,FALSE,75.18%,C
/data/datasets/Preprocessing/ABIDE_T1/ABIDE_T1_pred/50114/mri/mwp1T1W.nii,TRUE,84.42%,B
/data/datasets/Preprocessing/ABIDE_T1/ABIDE_T1_pred/50780/mri/mwp1T1W.nii,TRUE,83.88%,B
/data/datasets/Preprocessing/ABIDE_T1/ABIDE_T1_pred/50475/mri/mwp1T1W.nii,FALSE,90.09%,A-
/data/datasets/Preprocessing/ABIDE_T1/ABIDE_T1_pred/50801/mri/mwp1T1W.nii,FALSE,85.40%,B
/data/datasets/Preprocessing/ABIDE_T1/ABIDE_T1_pred/50134/mri/mwp1T1W.nii,FALSE,83.90%,B
/data/datasets/Preprocessing/ABIDE_T1/ABIDE_T1_pred/50435/mri/mwp1T1W.nii,TRUE,90.03%,A-
/data/datasets/Preprocessing/ABIDE_T1/ABIDE_T1_pred/51035/mri/mwp1T1W.nii,FALSE,77.02%,C+
/data/datasets/Preprocessing/ABIDE_T1/ABIDE_T1_pred/51585/mri/mwp1T1W.nii,FALSE,80.74%,B-
/data/datasets/Preprocessing/ABIDE_T1/ABIDE_T1_pred/51021/mri/mwp1T1W.nii,FALSE,80.10%,B-
/data/datasets/Preprocessing/ABIDE_T1/ABIDE_T1_pred/51567/mri/mwp1T1W.nii,TRUE,81.30%,B-
/data/datasets/Preprocessing/ABIDE_T1/ABIDE_T1_pred/51098/mri/mwp1T1W.nii,TRUE,79.26%,C+
/data/datasets/Preprocessing/ABIDE_T1/ABIDE_T1_pred/51006/mri/mwp1T1W.nii,FALSE,75.88%,C
/data/datasets/Preprocessing/ABIDE_T1/ABIDE_T1_pred/51574/mri/mwp1T1W.nii,FALSE,81.35%,B-
/data/datasets/Preprocessing/ABIDE_T1/ABIDE_T1_pred/50263/mri/mwp1T1W.nii,TRUE,86.49%,B
/data/datasets/Preprocessing/ABIDE_T1/ABIDE_T1_pred/50738/mri/mwp1T1W.nii,TRUE,78.10%,C+
/data/datasets/Preprocessing/ABIDE_T1/ABIDE_T1_pred/51184/mri/mwp1T1W.nii,TRUE,81.64%,B-
/data/datasets/Preprocessing/ABIDE_T1/ABIDE_T1_pred/50477/mri/mwp1T1W.nii,FALSE,90.04%,A-
/data/datasets/Preprocessing/ABIDE_T1/ABIDE_T1_pred/50747/mri/mwp1T1W.nii,FALSE,79.90%,C+
/data/datasets/Preprocessing/ABIDE_T1/ABIDE_T1_pred/51315/mri/mwp1T1W.nii,TRUE,83.04%,B-
/data/datasets/Preprocessing/ABIDE_T1/ABIDE_T1_pred/50450/mri/mwp1T1W.nii,TRUE,89.37%,B+
/data/datasets/Preprocessing/ABIDE_T1/ABIDE_T1_pred/51168/mri/mwp1T1W.nii,FALSE,78.34%,C+
/data/datasets/Preprocessing/ABIDE_T1/ABIDE_T1_pred/50186/mri/mwp1T1W.nii,FALSE,73.98%,C
/data/datasets/Preprocessing/ABIDE_T1/ABIDE_T1_pred/50196/mri/mwp1T1W.nii,TRUE,79.22%,C+
/data/datasets/Preprocessing/ABIDE_T1/ABIDE_T1_pred/50776/mri/mwp1T1W.nii,TRUE,85.69%,B
/data/datasets/Preprocessing/ABIDE_T1/ABIDE_T1_pred/50989/mri/mwp1T1W.nii,FALSE,73.27%,C-
/data/datasets/Preprocessing/ABIDE_T1/ABIDE_T1_pred/50787/mri/mwp1T1W.nii,TRUE,86.18%,B
/data/datasets/Preprocessing/ABIDE_T1/ABIDE_T1_pred/51219/mri/mwp1T1W.nii,FALSE,81.93%,B-
/data/datasets/Preprocessing/ABIDE_T1/ABIDE_T1_pred/50704/mri/mwp1T1W.nii,FALSE,85.01%,B
/data/datasets/Preprocessing/ABIDE_T1/ABIDE_T1_pred/50800/mri/mwp1T1W.nii,FALSE,85.59%,B
/data/datasets/Preprocessing/ABIDE_T1/ABIDE_T1_pred/50616/mri/mwp1T1W.nii,FALSE,81.30%,B-
/data/datasets/Preprocessing/ABIDE_T1/ABIDE_T1_pred/51150/mri/mwp1T1W.nii,TRUE,80.34%,B-
/data/datasets/Preprocessing/ABIDE_T1/ABIDE_T1_pred/50742/mri/mwp1T1W.nii,TRUE,81.24%,B-
/data/datasets/Preprocessing/ABIDE_T1/ABIDE_T1_pred/50750/mri/mwp1T1W.nii,FALSE,82.29%,B-
/data/datasets/Preprocessing/ABIDE_T1/ABIDE_T1_pred/51042/mri/mwp1T1W.nii,TRUE,76.90%,C+
/data/datasets/Preprocessing/ABIDE_T1/ABIDE_T1_pred/51080/mri/mwp1T1W.nii,TRUE,77.49%,C+
/data/datasets/Preprocessing/ABIDE_T1/ABIDE_T1_pred/50040/mri/mwp1T1W.nii,TRUE,83.86%,B
/data/datasets/Preprocessing/ABIDE_T1/ABIDE_T1_pred/51340/mri/mwp1T1W.nii,TRUE,84.36%,B
/data/datasets/Preprocessing/ABIDE_T1/ABIDE_T1_pred/51295/mri/mwp1T1W.nii,FALSE,82.00%,B-
/data/datasets/Preprocessing/ABIDE_T1/ABIDE_T1_pred/50474/mri/mwp1T1W.nii,TRUE,89.53%,B+
/data/datasets/Preprocessing/ABIDE_T1/ABIDE_T1_pred/50404/mri/mwp1T1W.nii,FALSE,81.70%,B-
/data/datasets/Preprocessing/ABIDE_T1/ABIDE_T1_pred/50517/mri/mwp1T1W.nii,FALSE,89.82%,B+
/data/datasets/Preprocessing/ABIDE_T1/ABIDE_T1_pred/50109/mri/mwp1T1W.nii,TRUE,81.64%,B-
/data/datasets/Preprocessing/ABIDE_T1/ABIDE_T1_pred/50611/mri/mwp1T1W.nii,FALSE,85.67%,B
/data/datasets/Preprocessing/ABIDE_T1/ABIDE_T1_pred/50217/mri/mwp1T1W.nii,TRUE,74.30%,C
/data/datasets/Preprocessing/ABIDE_T1/ABIDE_T1_pred/50786/mri/mwp1T1W.nii,TRUE,85.82%,B
/data/datasets/Preprocessing/ABIDE_T1/ABIDE_T1_pred/50749/mri/mwp1T1W.nii,FALSE,80.84%,B-
/data/datasets/Preprocessing/ABIDE_T1/ABIDE_T1_pred/50740/mri/mwp1T1W.nii,TRUE,84.25%,B
/data/datasets/Preprocessing/ABIDE_T1/ABIDE_T1_pred/50049/mri/mwp1T1W.nii,TRUE,84.08%,B
/data/datasets/Preprocessing/ABIDE_T1/ABIDE_T1_pred/50609/mri/mwp1T1W.nii,FALSE,85.60%,B
/data/datasets/Preprocessing/ABIDE_T1/ABIDE_T1_pred/50798/mri/mwp1T1W.nii,FALSE,84.18%,B
Test on MINDS dataset,,,
img_path,"prediction(True for truth, False for error)",IQR,rank
/data/datasets/Preprocessing/MINDS/MINDS_pred/A_HC/A_HC045/mri/mwp1T1w.nii,TRUE,80.82%,B-
/data/datasets/Preprocessing/MINDS/MINDS_pred/A_BP/A_BP003/mri/mwp1T1w.nii,FALSE,84.84%,B
/data/datasets/Preprocessing/MINDS/MINDS_pred/B_HC/B_HC028/mri/mwp1T1w.nii,TRUE,85.02%,B
/data/datasets/Preprocessing/MINDS/MINDS_pred/A_SZ/A_SZ009/mri/mwp1T1w.nii,FALSE,84.34%,B
/data/datasets/Preprocessing/MINDS/MINDS_pred/B_HC/B_HC025/mri/mwp1T1w.nii,TRUE,85.12%,B
/data/datasets/Preprocessing/MINDS/MINDS_pred/B_HC/B_HC036/mri/mwp1T1w.nii,TRUE,84.86%,B
/data/datasets/Preprocessing/MINDS/MINDS_pred/A_MD/A_MD011/mri/mwp1T1w.nii,FALSE,84.21%,B
/data/datasets/Preprocessing/MINDS/MINDS_pred/B_SZ/B_SZ009/mri/mwp1T1w.nii,FALSE,84.96%,B
/data/datasets/Preprocessing/MINDS/MINDS_pred/A_HC/A_HC048/mri/mwp1T1w.nii,TRUE,81.97%,B-
/data/datasets/Preprocessing/MINDS/MINDS_pred/A_HC/A_HC014/mri/mwp1T1w.nii,TRUE,81.60%,B-
/data/datasets/Preprocessing/MINDS/MINDS_pred/B_HC/B_HC003/mri/mwp1T1w.nii,TRUE,85.14%,B
/data/datasets/Preprocessing/MINDS/MINDS_pred/A_HC/A_HC030/mri/mwp1T1w.nii,TRUE,82.38%,B-
/data/datasets/Preprocessing/MINDS/MINDS_pred/B_SZ/B_SZ007/mri/mwp1T1w.nii,FALSE,85.29%,B
/data/datasets/Preprocessing/MINDS/MINDS_pred/A_HC/A_HC004/mri/mwp1T1w.nii,TRUE,81.52%,B-
/data/datasets/Preprocessing/MINDS/MINDS_pred/A_HC/A_HC021/mri/mwp1T1w.nii,TRUE,84.69%,B
/data/datasets/Preprocessing/MINDS/MINDS_pred/A_HC/A_HC036/mri/mwp1T1w.nii,TRUE,80.40%,B-
/data/datasets/Preprocessing/MINDS/MINDS_pred/A_HC/A_HC039/mri/mwp1T1w.nii,TRUE,80.04%,B-
/data/datasets/Preprocessing/MINDS/MINDS_pred/B_HC/B_HC037/mri/mwp1T1w.nii,TRUE,84.98%,B
/data/datasets/Preprocessing/MINDS/MINDS_pred/A_MD/A_MD001/mri/mwp1T1w.nii,FALSE,83.49%,B
/data/datasets/Preprocessing/MINDS/MINDS_pred/A_MD/A_MD004/mri/mwp1T1w.nii,FALSE,82.57%,B-
/data/datasets/Preprocessing/MINDS/MINDS_pred/A_HC/A_HC040/mri/mwp1T1w.nii,TRUE,82.48%,B-
/data/datasets/Preprocessing/MINDS/MINDS_pred/A_HC/A_HC026/mri/mwp1T1w.nii,TRUE,80.47%,B-
/data/datasets/Preprocessing/MINDS/MINDS_pred/A_HC/A_HC044/mri/mwp1T1w.nii,TRUE,84.28%,B
/data/datasets/Preprocessing/MINDS/MINDS_pred/A_BP/A_BP010/mri/mwp1T1w.nii,FALSE,81.23%,B-
/data/datasets/Preprocessing/MINDS/MINDS_pred/A_MD/A_MD002/mri/mwp1T1w.nii,FALSE,84.45%,B
/data/datasets/Preprocessing/MINDS/MINDS_pred/B_SZ/B_SZ004/mri/mwp1T1w.nii,FALSE,84.87%,B
/data/datasets/Preprocessing/MINDS/MINDS_pred/A_HC/A_HC017/mri/mwp1T1w.nii,TRUE,78.85%,C+
/data/datasets/Preprocessing/MINDS/MINDS_pred/A_HC/A_HC032/mri/mwp1T1w.nii,TRUE,80.56%,B-
/data/datasets/Preprocessing/MINDS/MINDS_pred/B_HC/B_HC038/mri/mwp1T1w.nii,TRUE,84.91%,B
/data/datasets/Preprocessing/MINDS/MINDS_pred/A_MD/A_MD016/mri/mwp1T1w.nii,FALSE,83.65%,B
/data/datasets/Preprocessing/MINDS/MINDS_pred/A_BP/A_BP005/mri/mwp1T1w.nii,FALSE,83.55%,B
Test on ADNI dataset,,,
img_path,"prediction(True for truth, False for error)",IQR,rank
/data/datasets/ADNI/ADNI_T1_Fixed_20210719/498/mri/mwp1bl.nii,TRUE,85.73%,B
/data/datasets/ADNI/ADNI_T1_Fixed_20210719/6513/mri/mwp1bl.nii,TRUE,85.89%,B
/data/datasets/ADNI/ADNI_T1_Fixed_20210719/5269/mri/mwp1bl.nii,TRUE,84.92%,B
/data/datasets/ADNI/ADNI_T1_Fixed_20210719/295/mri/mwp1bl.nii,TRUE,85.75%,B
/data/datasets/ADNI/ADNI_T1_Fixed_20210719/5/mri/mwp1bl.nii,TRUE,82.12%,B-
/data/datasets/ADNI/ADNI_T1_Fixed_20210719/4382/mri/mwp1bl.nii,TRUE,80.86%,B-
/data/datasets/ADNI/ADNI_T1_Fixed_20210719/891/mri/mwp1bl.nii,TRUE,84.36%,B
/data/datasets/ADNI/ADNI_T1_Fixed_20210719/316/mri/mwp1bl.nii,TRUE,84.28%,B
/data/datasets/ADNI/ADNI_T1_Fixed_20210719/1099/mri/mwp1bl.nii,TRUE,82.01%,B-
/data/datasets/ADNI/ADNI_T1_Fixed_20210719/6259/mri/mwp1bl.nii,TRUE,85.73%,B
/data/datasets/ADNI/ADNI_T1_Fixed_20210719/5280/mri/mwp1bl.nii,TRUE,84.61%,B
/data/datasets/ADNI/ADNI_T1_Fixed_20210719/129/mri/mwp1bl.nii,TRUE,80.03%,B-
/data/datasets/ADNI/ADNI_T1_Fixed_20210719/4994/mri/mwp1bl.nii,TRUE,84.25%,B
/data/datasets/ADNI/ADNI_T1_Fixed_20210719/1391/mri/mwp1bl.nii,FALSE,81.91%,B-
/data/datasets/ADNI/ADNI_T1_Fixed_20210719/4339/mri/mwp1bl.nii,TRUE,82.22%,B-
/data/datasets/ADNI/ADNI_T1_Fixed_20210719/4192/mri/mwp1bl.nii,TRUE,85.07%,B
/data/datasets/ADNI/ADNI_T1_Fixed_20210719/4120/mri/mwp1bl.nii,TRUE,83.97%,B
/data/datasets/ADNI/ADNI_T1_Fixed_20210719/4971/mri/mwp1bl.nii,FALSE,84.34%,B
/data/datasets/ADNI/ADNI_T1_Fixed_20210719/4615/mri/mwp1bl.nii,TRUE,81.79%,B-
/data/datasets/ADNI/ADNI_T1_Fixed_20210719/610/mri/mwp1bl.nii,TRUE,85.70%,B
/data/datasets/ADNI/ADNI_T1_Fixed_20210719/1249/mri/mwp1bl.nii,TRUE,85.09%,B
/data/datasets/ADNI/ADNI_T1_Fixed_20210719/4222/mri/mwp1bl.nii,FALSE,84.27%,B
/data/datasets/ADNI/ADNI_T1_Fixed_20210719/311/mri/mwp1bl.nii,TRUE,81.57%,B-
/data/datasets/ADNI/ADNI_T1_Fixed_20210719/6061/mri/mwp1bl.nii,TRUE,81.33%,B-
/data/datasets/ADNI/ADNI_T1_Fixed_20210719/139/mri/mwp1bl.nii,TRUE,82.06%,B-
/data/datasets/ADNI/ADNI_T1_Fixed_20210719/6209/mri/mwp1bl.nii,TRUE,85.33%,B
/data/datasets/ADNI/ADNI_T1_Fixed_20210719/1430/mri/mwp1bl.nii,TRUE,75.43%,C
/data/datasets/ADNI/ADNI_T1_Fixed_20210719/1308/mri/mwp1bl.nii,TRUE,82.97%,B-
/data/datasets/ADNI/ADNI_T1_Fixed_20210719/5170/mri/mwp1bl.nii,TRUE,83.26%,B-
/data/datasets/ADNI/ADNI_T1_Fixed_20210719/48/mri/mwp1bl.nii,TRUE,79.88%,C+
/data/datasets/ADNI/ADNI_T1_Fixed_20210719/841/mri/mwp1bl.nii,FALSE,84.31%,B
/data/datasets/ADNI/ADNI_T1_Fixed_20210719/548/mri/mwp1bl.nii,TRUE,83.95%,B
/data/datasets/ADNI/ADNI_T1_Fixed_20210719/6170/mri/mwp1bl.nii,TRUE,85.48%,B
/data/datasets/ADNI/ADNI_T1_Fixed_20210719/370/mri/mwp1bl.nii,FALSE,84.60%,B
/data/datasets/ADNI/ADNI_T1_Fixed_20210719/459/mri/mwp1bl.nii,TRUE,84.12%,B
/data/datasets/ADNI/ADNI_T1_Fixed_20210719/4820/mri/mwp1bl.nii,TRUE,83.85%,B
/data/datasets/ADNI/ADNI_T1_Fixed_20210719/6063/mri/mwp1bl.nii,TRUE,82.47%,B-
/data/datasets/ADNI/ADNI_T1_Fixed_20210719/4488/mri/mwp1bl.nii,TRUE,84.34%,B
/data/datasets/ADNI/ADNI_T1_Fixed_20210719/4350/mri/mwp1bl.nii,TRUE,83.67%,B
/data/datasets/ADNI/ADNI_T1_Fixed_20210719/304/mri/mwp1bl.nii,TRUE,81.80%,B-
/data/datasets/ADNI/ADNI_T1_Fixed_20210719/5082/mri/mwp1bl.nii,TRUE,84.38%,B
/data/datasets/ADNI/ADNI_T1_Fixed_20210719/4718/mri/mwp1bl.nii,TRUE,83.48%,B
/data/datasets/ADNI/ADNI_T1_Fixed_20210719/6253/mri/mwp1bl.nii,TRUE,84.86%,B
/data/datasets/ADNI/ADNI_T1_Fixed_20210719/543/mri/mwp1bl.nii,TRUE,79.15%,C+
/data/datasets/ADNI/ADNI_T1_Fixed_20210719/6059/mri/mwp1bl.nii,TRUE,85.53%,B
/data/datasets/ADNI/ADNI_T1_Fixed_20210719/6456/mri/mwp1bl.nii,TRUE,84.75%,B
/data/datasets/ADNI/ADNI_T1_Fixed_20210719/6014/mri/mwp1bl.nii,TRUE,85.29%,B
/data/datasets/ADNI/ADNI_T1_Fixed_20210719/726/mri/mwp1bl.nii,TRUE,80.48%,B-
/data/datasets/ADNI/ADNI_T1_Fixed_20210719/5083/mri/mwp1bl.nii,TRUE,84.35%,B
/data/datasets/ADNI/ADNI_T1_Fixed_20210719/929/mri/mwp1bl.nii,TRUE,85.22%,B
/data/datasets/ADNI/ADNI_T1_Fixed_20210719/47/mri/mwp1m60.nii,TRUE,79.93%,C+
/data/datasets/ADNI/ADNI_T1_Fixed_20210719/528/mri/mwp1bl.nii,TRUE,85.07%,B
/data/datasets/ADNI/ADNI_T1_Fixed_20210719/5224/mri/mwp1bl.nii,TRUE,80.61%,B-
/data/datasets/ADNI/ADNI_T1_Fixed_20210719/4393/mri/mwp1bl.nii,TRUE,84.76%,B
/data/datasets/ADNI/ADNI_T1_Fixed_20210719/5097/mri/mwp1bl.nii,TRUE,83.72%,B
/data/datasets/ADNI/ADNI_T1_Fixed_20210719/1205/mri/mwp1bl.nii,TRUE,81.90%,B-
/data/datasets/ADNI/ADNI_T1_Fixed_20210719/1023/mri/mwp1bl.nii,TRUE,81.47%,B-
/data/datasets/ADNI/ADNI_T1_Fixed_20210719/5158/mri/mwp1bl.nii,TRUE,84.17%,B
/data/datasets/ADNI/ADNI_T1_Fixed_20210719/4024/mri/mwp1bl.nii,FALSE,85.08%,B
/data/datasets/ADNI/ADNI_T1_Fixed_20210719/5138/mri/mwp1bl.nii,FALSE,85.29%,B
/data/datasets/ADNI/ADNI_T1_Fixed_20210719/692/mri/mwp1bl.nii,TRUE,85.40%,B
/data/datasets/ADNI/ADNI_T1_Fixed_20210719/842/mri/mwp1bl.nii,TRUE,84.57%,B
/data/datasets/ADNI/ADNI_T1_Fixed_20210719/213/mri/mwp1bl.nii,FALSE,81.70%,B-
/data/datasets/ADNI/ADNI_T1_Fixed_20210719/5165/mri/mwp1bl.nii,FALSE,83.34%,B
/data/datasets/ADNI/ADNI_T1_Fixed_20210719/5153/mri/mwp1bl.nii,TRUE,84.08%,B
/data/datasets/ADNI/ADNI_T1_Fixed_20210719/5123/mri/mwp1bl.nii,TRUE,84.18%,B
/data/datasets/ADNI/ADNI_T1_Fixed_20210719/5095/mri/mwp1bl.nii,FALSE,83.65%,B
/data/datasets/ADNI/ADNI_T1_Fixed_20210719/812/mri/mwp1bl.nii,TRUE,81.86%,B-
/data/datasets/ADNI/ADNI_T1_Fixed_20210719/6570/mri/mwp1bl.nii,TRUE,84.53%,B
/data/datasets/ADNI/ADNI_T1_Fixed_20210719/6371/mri/mwp1bl.nii,TRUE,83.76%,B
/data/datasets/ADNI/ADNI_T1_Fixed_20210719/183/mri/mwp1m12.nii,TRUE,82.04%,B-
/data/datasets/ADNI/ADNI_T1_Fixed_20210719/6281/mri/mwp1bl.nii,FALSE,84.69%,B
/data/datasets/ADNI/ADNI_T1_Fixed_20210719/6200/mri/mwp1bl.nii,TRUE,83.69%,B
/data/datasets/ADNI/ADNI_T1_Fixed_20210719/690/mri/mwp1bl.nii,FALSE,81.18%,B-
/data/datasets/ADNI/ADNI_T1_Fixed_20210719/299/mri/mwp1bl.nii,FALSE,85.14%,B
/data/datasets/ADNI/ADNI_T1_Fixed_20210719/896/mri/mwp1bl.nii,TRUE,84.53%,B
/data/datasets/ADNI/ADNI_T1_Fixed_20210719/216/mri/mwp1bl.nii,TRUE,82.99%,B-
/data/datasets/ADNI/ADNI_T1_Fixed_20210719/627/mri/mwp1bl.nii,FALSE,84.21%,B
/data/datasets/ADNI/ADNI_T1_Fixed_20210719/883/mri/mwp1bl.nii,TRUE,82.14%,B-
/data/datasets/ADNI/ADNI_T1_Fixed_20210719/5194/mri/mwp1bl.nii,TRUE,81.93%,B-
/data/datasets/ADNI/ADNI_T1_Fixed_20210719/232/mri/mwp1bl.nii,TRUE,85.03%,B
/data/datasets/ADNI/ADNI_T1_Fixed_20210719/6275/mri/mwp1bl.nii,TRUE,84.56%,B
/data/datasets/ADNI/ADNI_T1_Fixed_20210719/4856/mri/mwp1bl.nii,TRUE,85.06%,B
/data/datasets/ADNI/ADNI_T1_Fixed_20210719/4912/mri/mwp1bl.nii,FALSE,84.96%,B
/data/datasets/ADNI/ADNI_T1_Fixed_20210719/4785/mri/mwp1bl.nii,TRUE,84.56%,B
/data/datasets/ADNI/ADNI_T1_Fixed_20210719/1133/mri/mwp1m36.nii,FALSE,85.47%,B
/data/datasets/ADNI/ADNI_T1_Fixed_20210719/4676/mri/mwp1bl.nii,FALSE,78.08%,C+
/data/datasets/ADNI/ADNI_T1_Fixed_20210719/5147/mri/mwp1bl.nii,TRUE,83.68%,B
/data/datasets/ADNI/ADNI_T1_Fixed_20210719/4080/mri/mwp1bl.nii,TRUE,84.89%,B
/data/datasets/ADNI/ADNI_T1_Fixed_20210719/5018/mri/mwp1bl.nii,FALSE,83.20%,B-
/data/datasets/ADNI/ADNI_T1_Fixed_20210719/872/mri/mwp1m60.nii,FALSE,83.75%,B
/data/datasets/ADNI/ADNI_T1_Fixed_20210719/6323/mri/mwp1bl.nii,TRUE,85.80%,B
/data/datasets/ADNI/ADNI_T1_Fixed_20210719/1200/mri/mwp1bl.nii,TRUE,84.89%,B
/data/datasets/ADNI/ADNI_T1_Fixed_20210719/5253/mri/mwp1bl.nii,TRUE,81.89%,B-
/data/datasets/ADNI/ADNI_T1_Fixed_20210719/4372/mri/mwp1bl.nii,TRUE,84.44%,B
/data/datasets/ADNI/ADNI_T1_Fixed_20210719/5175/mri/mwp1bl.nii,TRUE,84.24%,B
/data/datasets/ADNI/ADNI_T1_Fixed_20210719/4150/mri/mwp1bl.nii,TRUE,83.71%,B
/data/datasets/ADNI/ADNI_T1_Fixed_20210719/6347/mri/mwp1bl.nii,TRUE,76.76%,C+
/data/datasets/ADNI/ADNI_T1_Fixed_20210719/454/mri/mwp1bl.nii,TRUE,85.20%,B
/data/datasets/ADNI/ADNI_T1_Fixed_20210719/4644/mri/mwp1bl.nii,TRUE,82.47%,B-
/data/datasets/ADNI/ADNI_T1_Fixed_20210719/6308/mri/mwp1bl.nii,TRUE,84.05%,B
/data/datasets/ADNI/ADNI_T1_Fixed_20210719/4643/mri/mwp1bl.nii,TRUE,84.40%,B
/data/datasets/ADNI/ADNI_T1_Fixed_20210719/4174/mri/mwp1bl.nii,TRUE,83.83%,B
/data/datasets/ADNI/ADNI_T1_Fixed_20210719/5178/mri/mwp1bl.nii,TRUE,84.32%,B
/data/datasets/ADNI/ADNI_T1_Fixed_20210719/6035/mri/mwp1bl.nii,TRUE,86.31%,B
/data/datasets/ADNI/ADNI_T1_Fixed_20210719/5187/mri/mwp1bl.nii,TRUE,76.90%,C+
/data/datasets/ADNI/ADNI_T1_Fixed_20210719/899/mri/mwp1bl.nii,TRUE,81.58%,B-
/data/datasets/ADNI/ADNI_T1_Fixed_20210719/72/mri/mwp1m36.nii,TRUE,83.40%,B
/data/datasets/ADNI/ADNI_T1_Fixed_20210719/4879/mri/mwp1bl.nii,TRUE,69.56%,D+
/data/datasets/ADNI/ADNI_T1_Fixed_20210719/6066/mri/mwp1bl.nii,TRUE,83.50%,B
/data/datasets/ADNI/ADNI_T1_Fixed_20210719/684/mri/mwp1bl.nii,TRUE,84.22%,B
/data/datasets/ADNI/ADNI_T1_Fixed_20210719/4050/mri/mwp1bl.nii,TRUE,84.69%,B
/data/datasets/ADNI/ADNI_T1_Fixed_20210719/6184/mri/mwp1bl.nii,TRUE,84.39%,B
/data/datasets/ADNI/ADNI_T1_Fixed_20210719/6354/mri/mwp1bl.nii,TRUE,83.57%,B
/data/datasets/ADNI/ADNI_T1_Fixed_20210719/260/mri/mwp1bl.nii,TRUE,85.04%,B
/data/datasets/ADNI/ADNI_T1_Fixed_20210719/5037/mri/mwp1bl.nii,TRUE,84.20%,B
/data/datasets/ADNI/ADNI_T1_Fixed_20210719/1296/mri/mwp1bl.nii,TRUE,81.96%,B-
/data/datasets/ADNI/ADNI_T1_Fixed_20210719/657/mri/mwp1bl.nii,TRUE,84.53%,B
/data/datasets/ADNI/ADNI_T1_Fixed_20210719/4041/mri/mwp1bl.nii,TRUE,82.64%,B-
/data/datasets/ADNI/ADNI_T1_Fixed_20210719/923/mri/mwp1bl.nii,TRUE,85.33%,B
/data/datasets/ADNI/ADNI_T1_Fixed_20210719/5282/mri/mwp1bl.nii,TRUE,81.79%,B-
/data/datasets/ADNI/ADNI_T1_Fixed_20210719/470/mri/mwp1bl.nii,TRUE,81.26%,B-
/data/datasets/ADNI/ADNI_T1_Fixed_20210719/6145/mri/mwp1bl.nii,TRUE,84.75%,B
/data/datasets/ADNI/ADNI_T1_Fixed_20210719/4560/mri/mwp1bl.nii,TRUE,84.67%,B
/data/datasets/ADNI/ADNI_T1_Fixed_20210719/6449/mri/mwp1bl.nii,TRUE,85.48%,B
/data/datasets/ADNI/ADNI_T1_Fixed_20210719/601/mri/mwp1bl.nii,TRUE,82.00%,B-
/data/datasets/ADNI/ADNI_T1_Fixed_20210719/228/mri/mwp1bl.nii,TRUE,79.32%,C+
/data/datasets/ADNI/ADNI_T1_Fixed_20210719/845/mri/mwp1bl.nii,TRUE,84.38%,B
/data/datasets/ADNI/ADNI_T1_Fixed_20210719/4732/mri/mwp1bl.nii,FALSE,84.67%,B
/data/datasets/ADNI/ADNI_T1_Fixed_20210719/843/mri/mwp1bl.nii,TRUE,85.83%,B
/data/datasets/ADNI/ADNI_T1_Fixed_20210719/717/mri/mwp1bl.nii,TRUE,74.84%,C
/data/datasets/ADNI/ADNI_T1_Fixed_20210719/5137/mri/mwp1bl.nii,TRUE,85.29%,B
/data/datasets/ADNI/ADNI_T1_Fixed_20210719/6189/mri/mwp1bl.nii,TRUE,82.79%,B-
/data/datasets/ADNI/ADNI_T1_Fixed_20210719/4084/mri/mwp1bl.nii,TRUE,81.49%,B-
/data/datasets/ADNI/ADNI_T1_Fixed_20210719/156/mri/mwp1bl.nii,TRUE,81.39%,B-
/data/datasets/ADNI/ADNI_T1_Fixed_20210719/5219/mri/mwp1bl.nii,TRUE,80.49%,B-
/data/datasets/ADNI/ADNI_T1_Fixed_20210719/6495/mri/mwp1bl.nii,TRUE,84.17%,B
/data/datasets/ADNI/ADNI_T1_Fixed_20210719/4733/mri/mwp1bl.nii,TRUE,83.47%,B
/data/datasets/ADNI/ADNI_T1_Fixed_20210719/5023/mri/mwp1bl.nii,TRUE,80.86%,B-
/data/datasets/ADNI/ADNI_T1_Fixed_20210719/5096/mri/mwp1bl.nii,TRUE,84.95%,B
/data/datasets/ADNI/ADNI_T1_Fixed_20210719/4585/mri/mwp1bl.nii,TRUE,81.70%,B-
/data/datasets/ADNI/ADNI_T1_Fixed_20210719/1190/mri/mwp1bl.nii,TRUE,81.70%,B-
/data/datasets/ADNI/ADNI_T1_Fixed_20210719/1242/mri/mwp1bl.nii,TRUE,81.82%,B-
/data/datasets/ADNI/ADNI_T1_Fixed_20210719/4652/mri/mwp1bl.nii,TRUE,83.47%,B
/data/datasets/ADNI/ADNI_T1_Fixed_20210719/535/mri/mwp1bl.nii,FALSE,81.48%,B-
/data/datasets/ADNI/ADNI_T1_Fixed_20210719/1056/mri/mwp1bl.nii,FALSE,85.63%,B
/data/datasets/ADNI/ADNI_T1_Fixed_20210719/6113/mri/mwp1bl.nii,TRUE,83.17%,B-
/data/datasets/ADNI/ADNI_T1_Fixed_20210719/6250/mri/mwp1bl.nii,TRUE,82.92%,B-
/data/datasets/ADNI/ADNI_T1_Fixed_20210719/4003/mri/mwp1bl.nii,TRUE,85.07%,B
/data/datasets/ADNI/ADNI_T1_Fixed_20210719/4401/mri/mwp1bl.nii,TRUE,85.14%,B
/data/datasets/ADNI/ADNI_T1_Fixed_20210719/5132/mri/mwp1bl.nii,TRUE,81.05%,B-
/data/datasets/ADNI/ADNI_T1_Fixed_20210719/1280/mri/mwp1bl.nii,TRUE,85.18%,B
/data/datasets/ADNI/ADNI_T1_Fixed_20210719/5059/mri/mwp1bl.nii,FALSE,83.31%,B-
/data/datasets/ADNI/ADNI_T1_Fixed_20210719/4421/mri/mwp1bl.nii,TRUE,84.25%,B
/data/datasets/ADNI/ADNI_T1_Fixed_20210719/5054/mri/mwp1bl.nii,FALSE,84.81%,B
/data/datasets/ADNI/ADNI_T1_Fixed_20210719/824/mri/mwp1bl.nii,TRUE,84.62%,B
/data/datasets/ADNI/ADNI_T1_Fixed_20210719/1055/mri/mwp1bl.nii,TRUE,83.79%,B
/data/datasets/ADNI/ADNI_T1_Fixed_20210719/677/mri/mwp1bl.nii,TRUE,83.68%,B
/data/datasets/ADNI/ADNI_T1_Fixed_20210719/6592/mri/mwp1bl.nii,TRUE,84.57%,B
/data/datasets/ADNI/ADNI_T1_Fixed_20210719/5235/mri/mwp1bl.nii,TRUE,84.99%,B
/data/datasets/ADNI/ADNI_T1_Fixed_20210719/6416/mri/mwp1bl.nii,TRUE,84.98%,B
/data/datasets/ADNI/ADNI_T1_Fixed_20210719/6271/mri/mwp1bl.nii,TRUE,85.66%,B
/data/datasets/ADNI/ADNI_T1_Fixed_20210719/4252/mri/mwp1bl.nii,TRUE,85.17%,B
/data/datasets/ADNI/ADNI_T1_Fixed_20210719/5227/mri/mwp1bl.nii,TRUE,83.67%,B
/data/datasets/ADNI/ADNI_T1_Fixed_20210719/545/mri/mwp1bl.nii,TRUE,83.91%,B
/data/datasets/ADNI/ADNI_T1_Fixed_20210719/6417/mri/mwp1bl.nii,TRUE,82.70%,B-
/data/datasets/ADNI/ADNI_T1_Fixed_20210719/1304/mri/mwp1bl.nii,TRUE,84.96%,B
/data/datasets/ADNI/ADNI_T1_Fixed_20210719/488/mri/mwp1bl.nii,TRUE,84.70%,B
/data/datasets/ADNI/ADNI_T1_Fixed_20210719/4125/mri/mwp1bl.nii,TRUE,84.97%,B
/data/datasets/ADNI/ADNI_T1_Fixed_20210719/1368/mri/mwp1bl.nii,TRUE,81.82%,B-
/data/datasets/ADNI/ADNI_T1_Fixed_20210719/4307/mri/mwp1bl.nii,TRUE,84.06%,B
/data/datasets/ADNI/ADNI_T1_Fixed_20210719/850/mri/mwp1bl.nii,TRUE,84.43%,B
/data/datasets/ADNI/ADNI_T1_Fixed_20210719/4389/mri/mwp1bl.nii,TRUE,80.95%,B-
/data/datasets/ADNI/ADNI_T1_Fixed_20210719/967/mri/mwp1bl.nii,TRUE,80.66%,B-
/data/datasets/ADNI/ADNI_T1_Fixed_20210719/5124/mri/mwp1bl.nii,TRUE,84.79%,B
/data/datasets/ADNI/ADNI_T1_Fixed_20210719/592/mri/mwp1bl.nii,TRUE,81.56%,B-
/data/datasets/ADNI/ADNI_T1_Fixed_20210719/4357/mri/mwp1bl.nii,TRUE,84.92%,B
/data/datasets/ADNI/ADNI_T1_Fixed_20210719/5166/mri/mwp1bl.nii,TRUE,85.00%,B
/data/datasets/ADNI/ADNI_T1_Fixed_20210719/4649/mri/mwp1bl.nii,TRUE,83.71%,B
/data/datasets/ADNI/ADNI_T1_Fixed_20210719/6496/mri/mwp1bl.nii,TRUE,83.68%,B
/data/datasets/ADNI/ADNI_T1_Fixed_20210719/6400/mri/mwp1bl.nii,TRUE,85.99%,B
/data/datasets/ADNI/ADNI_T1_Fixed_20210719/4338/mri/mwp1bl.nii,TRUE,84.35%,B
/data/datasets/ADNI/ADNI_T1_Fixed_20210719/4867/mri/mwp1bl.nii,FALSE,84.88%,B
/data/datasets/ADNI/ADNI_T1_Fixed_20210719/31/mri/mwp1bl.nii,TRUE,80.53%,B-
/data/datasets/ADNI/ADNI_T1_Fixed_20210719/1016/mri/mwp1bl.nii,TRUE,85.32%,B
/data/datasets/ADNI/ADNI_T1_Fixed_20210719/392/mri/mwp1bl.nii,TRUE,85.41%,B
/data/datasets/ADNI/ADNI_T1_Fixed_20210719/457/mri/mwp1bl.nii,TRUE,85.32%,B
/data/datasets/ADNI/ADNI_T1_Fixed_20210719/6413/mri/mwp1bl.nii,TRUE,78.88%,C+
/data/datasets/ADNI/ADNI_T1_Fixed_20210719/4607/mri/mwp1bl.nii,TRUE,84.61%,B
/data/datasets/ADNI/ADNI_T1_Fixed_20210719/6307/mri/mwp1bl.nii,TRUE,85.22%,B
/data/datasets/ADNI/ADNI_T1_Fixed_20210719/6142/mri/mwp1bl.nii,TRUE,78.94%,C+
/data/datasets/ADNI/ADNI_T1_Fixed_20210719/889/mri/mwp1bl.nii,TRUE,84.59%,B
/data/datasets/ADNI/ADNI_T1_Fixed_20210719/4014/mri/mwp1bl.nii,TRUE,83.66%,B
/data/datasets/ADNI/ADNI_T1_Fixed_20210719/6551/mri/mwp1bl.nii,TRUE,85.48%,B
/data/datasets/ADNI/ADNI_T1_Fixed_20210719/740/mri/mwp1bl.nii,TRUE,85.08%,B
/data/datasets/ADNI/ADNI_T1_Fixed_20210719/6493/mri/mwp1bl.nii,TRUE,85.54%,B
/data/datasets/ADNI/ADNI_T1_Fixed_20210719/1371/mri/mwp1bl.nii,FALSE,81.94%,B-
/data/datasets/ADNI/ADNI_T1_Fixed_20210719/6159/mri/mwp1bl.nii,TRUE,84.32%,B
/data/datasets/ADNI/ADNI_T1_Fixed_20210719/1285/mri/mwp1bl.nii,FALSE,85.16%,B
/data/datasets/ADNI/ADNI_T1_Fixed_20210719/6320/mri/mwp1bl.nii,TRUE,84.45%,B
/data/datasets/ADNI/ADNI_T1_Fixed_20210719/6488/mri/mwp1bl.nii,TRUE,84.10%,B
/data/datasets/ADNI/ADNI_T1_Fixed_20210719/1041/mri/mwp1bl.nii,TRUE,83.42%,B
/data/datasets/ADNI/ADNI_T1_Fixed_20210719/5242/mri/mwp1bl.nii,TRUE,83.12%,B-
/data/datasets/ADNI/ADNI_T1_Fixed_20210719/159/mri/mwp1bl.nii,TRUE,84.03%,B
/data/datasets/ADNI/ADNI_T1_Fixed_20210719/4308/mri/mwp1bl.nii,TRUE,81.26%,B-
/data/datasets/ADNI/ADNI_T1_Fixed_20210719/1013/mri/mwp1bl.nii,TRUE,81.10%,B-
/data/datasets/ADNI/ADNI_T1_Fixed_20210719/6443/mri/mwp1bl.nii,FALSE,86.14%,B
/data/datasets/ADNI/ADNI_T1_Fixed_20210719/96/mri/mwp1bl.nii,TRUE,80.71%,B-
/data/datasets/ADNI/ADNI_T1_Fixed_20210719/5234/mri/mwp1bl.nii,TRUE,85.08%,B
Test on COBRE dataset,,,
img_path,"prediction(True for truth, False for error)",IQR,rank
/data/datasets/COBRE/COBRE_pred/sub-A00024953/mri/mwp1T1w.nii,FALSE,84.31%,B
/data/datasets/COBRE/COBRE_pred/sub-A00000456/mri/mwp1T1w.nii,FALSE,81.73%,B-
/data/datasets/COBRE/COBRE_pred/sub-A00020968/mri/mwp1T1w.nii,TRUE,86.01%,B
/data/datasets/COBRE/COBRE_pred/sub-A00014830/mri/mwp1T1w.nii,FALSE,86.05%,B
/data/datasets/COBRE/COBRE_pred/sub-A00003150/mri/mwp1T1w.nii,TRUE,85.77%,B
/data/datasets/COBRE/COBRE_pred/sub-A00023590/mri/mwp1T1w.nii,FALSE,84.60%,B
/data/datasets/COBRE/COBRE_pred/sub-A00015518/mri/mwp1T1w.nii,FALSE,79.68%,C+
/data/datasets/COBRE/COBRE_pred/sub-A00020414/mri/mwp1T1w.nii,FALSE,85.95%,B
/data/datasets/COBRE/COBRE_pred/sub-A00023330/mri/mwp1T1w.nii,TRUE,85.95%,B
/data/datasets/COBRE/COBRE_pred/sub-A00015648/mri/mwp1T1w.nii,FALSE,85.57%,B
/data/datasets/COBRE/COBRE_pred/sub-A00028806/mri/mwp1T1w.nii,FALSE,83.30%,B-
/data/datasets/COBRE/COBRE_pred/sub-A00022835/mri/mwp1T1w.nii,TRUE,85.16%,B
/data/datasets/COBRE/COBRE_pred/sub-A00022592/mri/mwp1T1w.nii,TRUE,86.07%,B
/data/datasets/COBRE/COBRE_pred/sub-A00037564/mri/mwp1T1w.nii,TRUE,85.48%,B
/data/datasets/COBRE/COBRE_pred/sub-A00037495/mri/mwp1T1w.nii,TRUE,85.72%,B
/data/datasets/COBRE/COBRE_pred/sub-A00001452/mri/mwp1T1w.nii,FALSE,85.37%,B
/data/datasets/COBRE/COBRE_pred/sub-A00022727/mri/mwp1T1w.nii,TRUE,86.15%,B
/data/datasets/COBRE/COBRE_pred/sub-A00028410/mri/mwp1T1w.nii,FALSE,82.69%,B-
/data/datasets/COBRE/COBRE_pred/sub-A00027616/mri/mwp1T1w.nii,FALSE,85.47%,B
/data/datasets/COBRE/COBRE_pred/sub-A00023750/mri/mwp1T1w.nii,FALSE,82.23%,B-
/data/datasets/COBRE/COBRE_pred/sub-A00036555/mri/mwp1T1w.nii,TRUE,85.51%,B
/data/datasets/COBRE/COBRE_pred/sub-A00023243/mri/mwp1T1w.nii,FALSE,84.81%,B
/data/datasets/COBRE/COBRE_pred/sub-A00035751/mri/mwp1T1w.nii,TRUE,85.48%,B
/data/datasets/COBRE/COBRE_pred/sub-A00029226/mri/mwp1T1w.nii,TRUE,85.60%,B
/data/datasets/COBRE/COBRE_pred/sub-A00022915/mri/mwp1T1w.nii,TRUE,85.22%,B
/data/datasets/COBRE/COBRE_pred/sub-A00013816/mri/mwp1T1w.nii,TRUE,85.63%,B
/data/datasets/COBRE/COBRE_pred/sub-A00021591/mri/mwp1T1w.nii,FALSE,86.05%,B
/data/datasets/COBRE/COBRE_pred/sub-A00014898/mri/mwp1T1w.nii,TRUE,85.53%,B
/data/datasets/COBRE/COBRE_pred/sub-A00024160/mri/mwp1T1w.nii,TRUE,85.72%,B
/data/datasets/COBRE/COBRE_pred/sub-A00021145/mri/mwp1T1w.nii,TRUE,85.78%,B
/data/datasets/COBRE/COBRE_pred/sub-A00002405/mri/mwp1T1w.nii,FALSE,84.33%,B
/data/datasets/COBRE/COBRE_pred/sub-A00017294/mri/mwp1T1w.nii,TRUE,83.24%,B-
